678.2856; 2060.0859
890.6094; 2703.1145
134.9295; 414.3879
456.9578; 1389.6780
281.2372; 858.7021
290.5139; 886.1044
20.2320; 66.5629
839.6370; 2549.0005
307.3601; 935.9272
650.6676; 1978.3046
545.5873; 1658.8414
894.9344; 2717.1609
799.4774; 2430.0598
817.4971; 2482.5127
850.0140; 2583.1646
56.2300; 177.4587
105.4587; 325.5589
41.9264; 134.0411
21.0963; 70.5760
673.0398; 2045.0604
303.5982; 925.1077
986.9363; 2997.6372
800.4975; 2430.4814
553.7697; 1684.9436
371.2850; 1132.3768
27.1059; 87.6100
246.9999; 754.4996
112.5280; 347.3946
243.9436; 744.0074
102.3535; 316.1243
889.8248; 2702.4260
796.3322; 2419.8784
824.5807; 2505.3196
988.9567; 3003.3013
684.8275; 2081.4951
32.9379; 105.2391
415.3984; 1263.7933
301.6273; 920.0616
790.9283; 2402.5125
479.9908; 1462.1967
738.5911; 2243.6694
901.3665; 2739.1287
576.6497; 1752.9828
154.2950; 474.9380
997.4169; 3027.7834
712.1361; 2163.1780
353.0336; 1077.1564
34.8541; 111.5938
272.1473; 830.4083
101.0619; 313.3239
826.8195; 2511.0051
493.5294; 1502.4253
653.0924; 1984.1479
667.4441; 2030.2538
852.0899; 2589.3152
991.0704; 3009.4941
780.5526; 2372.7720
884.4565; 2684.9211
969.0684; 2942.7803
306.5780; 935.1210
226.6350; 692.9974
590.8304; 1795.3772
700.6569; 2130.8743
490.8093; 1494.1044
733.8936; 2230.8840
1004.1939; 3047.4414
235.8404; 720.4835
303.6968; 925.9257
594.7373; 1808.8209
76.4867; 237.7122
870.9671; 2643.9761
259.9871; 792.5823
114.9016; 352.8715
869.5728; 2640.4009
480.1139; 1460.7612
818.5188; 2486.5315
451.0516; 1373.3916
440.4780; 1340.7611
391.2544; 1193.2576
708.2746; 2152.3945
934.5526; 2838.5850
855.8625; 2599.6709
872.1747; 2647.9951
523.8955; 1594.2502
585.5528; 1780.6761
477.2358; 1452.6066
383.6175; 1168.7726
65.0401; 203.9942
175.8380; 541.0115
895.1663; 2718.1809
847.9915; 2576.6340
584.9143; 1778.8920
902.2911; 2741.0515
682.2324; 2074.3391
447.0142; 1362.2793
724.5968; 2200.6904
194.1193; 594.6951
837.5705; 2544.0447
783.3142; 2380.2988
221.9092; 679.6973
502.0852; 1526.7046
803.0033; 2439.4236
120.3468; 371.6300
927.3617; 2815.0251
335.4708; 1023.7528
35.6375; 113.2981
230.0605; 705.3489
73.4270; 229.0956
267.4005; 815.9897
532.5888; 1620.0277
957.0950; 2906.2102
435.4149; 1324.9604
284.9930; 871.0104
951.9359; 2890.5679
232.6164; 711.6104
597.9457; 1817.7638
862.8322; 2621.7981
347.3763; 1059.6245
469.4160; 1427.4567
468.1783; 1424.2777
464.1782; 1413.1201
462.3501; 1408.3110
753.8410; 2290.2029
801.1078; 2432.2710
545.0544; 1658.5555
530.9149; 1616.1520
210.9706; 644.4628
96.0383; 297.9969
457.6839; 1392.6141
731.5139; 2222.4097
444.4280; 1354.4835
196.1808; 599.6451
267.4314; 817.6475
406.4684; 1240.0645
884.6383; 2687.0906
39.4560; 126.8435
575.6345; 1750.1571
394.2953; 1201.0177
98.7912; 307.3662
877.6259; 2665.9800
821.3142; 2493.9021
449.9055; 1368.8029
514.2929; 1564.1217
193.3937; 593.2772
526.9382; 1604.0134
468.5225; 1426.9663
500.9048; 1523.0026
769.5131; 2337.5991
188.3931; 578.4301
98.5776; 304.9397
138.7214; 425.6500
115.9259; 356.7124
316.4851; 966.3460
465.1435; 1415.2852
904.1626; 2744.8774
294.1861; 897.1496
530.8838; 1613.4869
969.3091; 2942.5906
549.2208; 1671.0409
414.7739; 1263.4077
465.5426; 1417.3074
185.8198; 570.2769
647.2832; 1967.7935
684.9629; 2082.2737
60.1803; 188.5416
732.6912; 2226.4380
61.6850; 192.6915
1005.6240; 3053.5193
89.6161; 278.4853
295.9037; 903.8237
240.4421; 734.4322
844.5533; 2565.4260
368.6589; 1124.5769
722.7499; 2196.9238
840.7242; 2552.9968
117.1018; 361.1525
674.1266; 2049.0466
524.4709; 1595.6823
28.5981; 91.6617
74.5160; 233.8555
147.0379; 449.2988
802.4054; 2436.6104
658.4699; 2001.8300
935.7881; 2842.5400
525.6271; 1601.0228
789.5233; 2399.3008
862.0123; 2617.4004
341.7126; 1042.1071
994.9185; 3021.0461
451.6527; 1374.8054
447.0966; 1360.7185
865.1649; 2627.3699
283.7984; 866.7244
208.7678; 639.1122
146.5033; 450.1219
460.5400; 1403.2799
372.1134; 1134.5486
609.1518; 1852.2573
127.0407; 391.2653
693.2168; 2107.1650
781.2482; 2373.0325
310.3113; 947.1343
672.0888; 2042.5964
908.8884; 2759.4341
818.7360; 2488.0313
642.0843; 1950.2124
541.1506; 1643.8527
398.0527; 1211.6899
439.1206; 1338.3894
874.7448; 2657.3196
890.1793; 2703.4993
636.6776; 1935.9530
347.1999; 1058.0317
337.5821; 1028.1956
61.3743; 193.4262
918.5688; 2790.3276
111.5462; 344.9381
36.6166; 118.8105
713.2401; 2167.6794
160.2267; 492.1818
749.4043; 2278.0601
565.9865; 1722.9773
344.7428; 1050.2281
162.9322; 501.4160
171.8697; 526.7476
94.1581; 290.9140
684.3369; 2080.4993
514.6431; 1565.4919
458.1013; 1393.3610
751.5146; 2282.7124
144.5759; 444.4609
720.3013; 2189.1560
205.6833; 630.3329
899.8939; 2734.5254
544.8927; 1656.7706
97.9884; 300.6755
868.1229; 2637.5449
492.2847; 1495.6742
993.3594; 3016.3887
421.1171; 1282.0712
309.3504; 945.0158
915.8233; 2782.1777
408.7724; 1246.9032
464.0091; 1413.0126
128.0231; 395.7023
922.5521; 2803.3071
200.6003; 614.1282
480.2567; 1460.7690
698.3194; 2122.5066
183.1202; 559.3094
989.8401; 3005.6785
26.1887; 86.3955
15.6269; 53.1492
241.9370; 739.2449
239.6709; 734.5947
626.7799; 1906.6029
756.3474; 2298.1724
572.7017; 1740.6742
628.2610; 1909.4896
341.6000; 1041.7838
613.7065; 1866.6367
881.5007; 2678.2134
273.3741; 833.4724
332.0936; 1013.2394
203.5433; 622.3239
879.9531; 2674.4988
889.7106; 2701.2158
472.6882; 1435.3264
423.4352; 1289.5710
535.4665; 1629.5768
284.5590; 869.6998
197.1181; 605.0012
40.6771; 130.0147
434.2437; 1321.6074
138.4674; 425.5695
819.1747; 2489.3254
874.1356; 2654.9231
233.3735; 713.7881
939.9237; 2852.5396
395.2655; 1204.3092
509.4218; 1550.1903
779.5276; 2366.8955
753.9676; 2290.0688
77.3577; 239.7110
551.9031; 1679.9967
745.9063; 2266.0112
609.9372; 1855.0903
688.5413; 2093.2468
549.6110; 1671.1907
251.3783; 768.3559
772.8839; 2348.4297
526.1204; 1601.0353
68.6020; 215.6269
327.9846; 998.7024
352.8981; 1077.4277
681.5044; 2071.8477
673.9710; 2049.5896
340.7702; 1038.2260
645.9639; 1962.8558
501.1394; 1524.8961
676.1532; 2055.8899
650.8361; 1976.0293
450.9691; 1372.2379
308.0334; 938.6079
220.9817; 677.6212
956.8363; 2905.0959
954.6392; 2895.9670
643.9699; 1956.6212
255.5132; 779.7986
644.1067; 1958.0310
1004.7436; 3050.4985
480.4995; 1462.7819
17.8935; 59.8432
883.6527; 2684.6702
234.8563; 719.2957
806.5569; 2448.8123
367.1586; 1118.7972
899.4394; 2731.8459
509.0975; 1548.3550
66.8217; 207.0752
674.0327; 2049.1592
86.2390; 268.1893
939.7245; 2852.9531
461.0549; 1404.3060
253.8544; 776.1447
516.2813; 1572.1599
201.9015; 617.4813
324.4523; 990.8111
274.5417; 835.2458
372.3992; 1135.3896
894.2336; 2716.2524
758.7371; 2305.1152
773.4546; 2350.4216
903.8657; 2744.9558
114.4184; 354.3686
33.9959; 109.5277
133.7016; 411.9937
487.9873; 1486.7432
521.9706; 1588.8234
174.2167; 535.3176
998.2811; 3032.3767
714.6555; 2170.8193
396.0058; 1204.5709
30.0037; 98.9825
568.7311; 1728.7665
602.2216; 1828.9120
85.4273; 264.7556
768.4832; 2335.1191
521.0077; 1585.0872
692.2390; 2105.3970
479.1453; 1458.2494
480.6919; 1461.3423
677.0454; 2059.1174
485.6253; 1477.3639
296.7623; 906.2722
473.4665; 1441.3333
253.8103; 774.4066
224.5398; 687.6092
428.2067; 1304.6768
41.1943; 130.4478
757.0058; 2300.7664
213.4537; 654.1845
106.9047; 330.5782
403.3258; 1226.4780
263.9898; 805.7354
836.9607; 2542.1360
517.6198; 1573.0568
121.3497; 373.7474
528.8538; 1608.5305
507.4559; 1543.3060
722.2843; 2194.2412
592.7432; 1802.0326
249.2320; 762.2339
740.1582; 2249.8867
346.7396; 1056.7017
249.8246; 765.3658
924.8297; 2808.9358
878.0826; 2669.0134
356.1872; 1084.8594
727.1080; 2211.1052
106.4942; 329.3517
361.1377; 1101.0569
520.4856; 1585.2406
218.3055; 667.5402
450.1533; 1369.7147
596.7522; 1814.5642
600.8076; 1827.6315
848.1231; 2576.1814
176.3828; 540.9005
278.2435; 848.7527
51.2610; 162.7021
780.0674; 2370.7705
784.1587; 2382.5796
490.0154; 1490.1361
852.2112; 2587.0623
510.3652; 1552.2168
143.5810; 442.4802
618.5382; 1879.0714
636.9676; 1934.8584
900.3788; 2732.6912
811.7068; 2465.5322
362.8728; 1107.3704
417.7420; 1272.6030
580.9817; 1766.6160
974.0815; 2957.1624
520.1782; 1581.2911
904.6064; 2747.6240
701.6197; 2130.8616
623.4123; 1895.0162
451.7456; 1374.3771
147.4135; 452.7061
321.0894; 979.9527
280.8815; 858.3175
25.3686; 84.7740
807.6443; 2452.6760
694.6612; 2110.9309
308.5980; 942.4879
787.1958; 2392.1401
703.3991; 2137.8411
732.7049; 2225.8442
190.3991; 584.4072
963.3958; 2924.2800
477.7568; 1454.0859
891.6899; 2708.3130
238.6188; 729.1238
208.3363; 638.4325
577.0122; 1752.7378
535.5423; 1629.1086
375.9537; 1145.7684
915.2882; 2779.7478
108.6814; 336.2740
680.3633; 2068.3767
258.2741; 787.6479
84.5530; 262.5865
810.7198; 2462.3501
541.3202; 1646.6354
214.7641; 656.2954
114.9056; 353.8490
808.1552; 2455.8367
432.7436; 1318.4265
749.6637; 2277.9922
956.8052; 2906.8630
883.9567; 2685.1616
69.4343; 216.1066
916.7443; 2784.8816
465.4278; 1414.4287
777.3413; 2362.4763
575.6726; 1751.0867
565.8943; 1721.4119
283.8272; 865.6972
90.8642; 282.4364
196.5808; 603.2493
868.4783; 2638.4880
322.4594; 982.1115
935.7112; 2841.4177
958.0914; 2911.1973
897.2737; 2725.8174
824.6173; 2505.3538
466.6826; 1421.3545
374.4854; 1140.8372
283.1452; 864.9228
509.7375; 1550.2595
340.3503; 1037.2780
186.1067; 570.0060
993.6071; 3016.9490
431.4145; 1313.3083
798.2083; 2424.5649
963.5124; 2928.1187
942.0773; 2860.6482
583.1321; 1772.8618
612.8778; 1862.6526
140.9849; 435.7644
723.8671; 2200.2524
194.3388; 595.3486
711.9802; 2164.1145
261.4035; 799.4774
202.9349; 621.0200
258.4445; 787.4602
188.2356; 577.3539
804.1062; 2440.5891
252.4619; 771.8362
533.3864; 1622.7827
997.1936; 3028.4304
85.1858; 264.9607
48.8202; 155.9715
164.9675; 507.7846
174.8594; 534.7614
962.9052; 2924.4441
623.2270; 1893.7034
855.2877; 2598.3708
502.3010; 1528.7628
577.3991; 1756.7648
160.5949; 493.0961
468.4583; 1428.2896
490.8310; 1494.9686
723.7561; 2200.9128
763.4612; 2319.3276
683.4492; 2077.0227
569.3122; 1729.7910
80.4054; 249.6697
248.7172; 760.6587
110.5628; 341.7570
594.7275; 1807.6121
463.0628; 1408.3225
499.9590; 1520.5469
171.0882; 523.5327
576.3676; 1754.0249
15.1087; 52.2531
751.6038; 2283.4453
822.1378; 2497.6133
762.5718; 2315.9731
434.0917; 1320.3752
403.0887; 1228.7672
597.5306; 1819.0128
800.2069; 2430.3347
866.6689; 2632.0991
685.4353; 2083.8459
926.6542; 2814.6497
845.8270; 2570.2593
942.8774; 2863.1763
21.8015; 73.9688
428.1623; 1304.4409
745.3785; 2266.0332
875.6762; 2658.1353
351.0111; 1070.1147
14.6033; 49.6792
801.9826; 2438.1379
377.9377; 1152.4524
416.8446; 1268.4668
777.1001; 2361.0291
92.2035; 284.7611
980.4055; 2975.8123
162.5367; 497.5570
661.6327; 2008.6511
107.5981; 331.5883
843.0528; 2560.1443
129.7057; 399.2136
865.9410; 2630.7397
839.4483; 2549.1011
130.7093; 401.5508
462.8931; 1409.3370
437.4703; 1331.2406
395.1372; 1203.2977
75.0210; 233.6022
670.0584; 2037.1281
92.2525; 286.3345
290.4869; 886.3942
473.5639; 1442.0643
761.7166; 2314.1216
721.0073; 2190.5950
172.0138; 527.7139
512.6809; 1560.7682
606.6162; 1843.8524
268.0498; 819.6531
431.1335; 1313.6531
740.6375; 2249.3276
853.2948; 2593.3896
867.9030; 2637.4004
12.8819; 43.8352
277.3744; 845.8915
494.3632; 1503.1326
339.4317; 1034.0793
420.1415; 1280.3088
194.1344; 594.8498
134.1660; 413.1538
557.4328; 1694.1218
889.4980; 2700.9961
186.8356; 572.4913
720.6401; 2191.0457
610.2537; 1856.4633
29.4408; 94.5372
418.4477; 1275.1221
694.2494; 2109.3032
749.0545; 2276.9976
994.6013; 3021.0752
84.9620; 264.9128
970.9518; 2947.0793
454.0669; 1381.5753
935.8270; 2841.8928
21.3799; 73.1317
325.0418; 990.4252
349.9689; 1068.8617
157.1827; 481.4255
801.1707; 2433.4072
713.9521; 2169.6062
156.5207; 480.9460
104.0473; 322.4607
675.0832; 2053.0610
955.9155; 2903.9854
417.3867; 1271.7112
210.5349; 643.8226
897.0347; 2722.7063
696.6908; 2117.0500
691.0574; 2099.6155
752.9199; 2287.8289
806.5604; 2449.4231
543.9354; 1655.2682
201.7734; 618.3971
608.3568; 1849.0779
924.6519; 2807.5308
249.5208; 762.2599
723.6397; 2201.1284
139.7710; 428.7536
533.9737; 1625.5321
21.4203; 72.8161
343.8707; 1049.1780
305.4432; 934.0587
95.1638; 294.9190
615.9201; 1874.2032
814.0835; 2473.1772
24.4359; 81.8201
123.1464; 380.3290
596.3141; 1811.6200
310.8576; 947.3896
625.0764; 1900.8208
975.9882; 2963.9675
691.3783; 2102.1301
930.4779; 2825.0220
821.1326; 2494.7422
689.1398; 2095.9319
683.1299; 2076.6228
777.8316; 2361.6677
915.9818; 2781.2068
53.6481; 168.3128
370.7375; 1131.5562
349.5146; 1065.3022
486.5841; 1482.4414
325.7271; 991.8174
251.0820; 766.3788
373.3904; 1138.6835
95.7021; 295.5357
953.4845; 2895.3455
961.9760; 2921.4927
366.5333; 1116.1248
28.4313; 91.3895
190.3893; 582.8304
381.2384; 1163.0935
1005.2853; 3053.8906
889.1473; 2701.8267
656.0598; 1994.4036
967.1612; 2936.1204
599.2685; 1823.5823
908.8495; 2759.6394
329.2623; 1004.0008
653.2789; 1984.2216
137.5841; 423.4665
448.2498; 1363.4707
630.9433; 1917.0260
691.6450; 2102.3682
820.4662; 2493.0078
641.8992; 1951.5144
21.3951; 71.3114
246.2635; 753.7950
588.3991; 1789.7089
663.0092; 2014.3347
625.1155; 1900.6816
315.6472; 961.5475
167.1564; 513.5822
471.7995; 1436.1198
281.9058; 859.1042
366.5003; 1117.7925
242.3133; 742.0029
745.6289; 2264.3835
530.7769; 1613.5225
317.6841; 969.0774
500.9210; 1523.7616
290.5046; 886.5306
878.3939; 2666.6006
820.9377; 2492.8572
663.1964; 2016.9905
126.1533; 387.8490
259.1137; 790.8420
46.1948; 148.0574
386.4412; 1178.7849
551.2666; 1676.9562
138.4059; 426.1456
686.7479; 2086.5330
692.2826; 2103.7842
796.2241; 2417.4053
1004.5869; 3051.3149
75.5362; 235.5518
217.5574; 663.5758
721.9976; 2194.3296
79.0584; 244.6758
642.0616; 1952.9564
940.8811; 2858.6272
887.5507; 2695.0952
591.5946; 1799.6171
855.7645; 2601.2966
821.6959; 2496.9836
483.6890; 1471.8068
193.9081; 592.4648
391.9599; 1194.7737
524.6987; 1595.8909
235.4163; 718.6452
682.6381; 2074.4023
504.0315; 1532.8547
655.5155; 1992.2555
813.1560; 2468.9666
844.1285; 2564.6616
457.4901; 1392.8865
210.5061; 646.3888
178.8925; 548.2188
925.6420; 2811.8772
550.7278; 1675.4526
990.7248; 3008.2979
546.2441; 1661.5986
54.4362; 170.4908
112.6385; 347.5704
577.5587; 1756.5370
84.1679; 260.2736
396.8120; 1208.5319
779.7633; 2368.9141
27.0881; 85.5979
96.7228; 298.5970
484.6697; 1475.0162
834.4833; 2535.9001
493.6275; 1500.5815
665.0830; 2020.4407
88.9593; 274.8516
934.7363; 2839.4792
875.9342; 2661.4636
783.2150; 2378.3669
66.2735; 207.7838
723.8000; 2198.5786
643.2916; 1955.4873
685.1723; 2082.1599
753.9696; 2290.2590
254.4264; 777.2362
647.2496; 1969.0574
411.0606; 1250.0944
846.2463; 2569.2549
718.0677; 2181.3894
1008.4993; 3060.6741
914.9473; 2778.8381
910.1266; 2762.2090
50.8570; 161.0257
200.8243; 616.5369
377.2551; 1150.6827
761.5051; 2313.6431
994.4366; 3018.7566
834.2874; 2535.5217
55.0314; 173.4957
468.4085; 1425.6322
507.4664; 1543.1339
102.7277; 316.1777
797.9151; 2421.2283
972.0488; 2950.5811
877.0044; 2663.3606
445.6922; 1356.7351
729.3155; 2215.3352
453.8839; 1381.1083
703.0665; 2135.6694
285.3132; 870.2119
444.7743; 1353.4996
968.3967; 2940.6279
762.6381; 2317.0737
724.4522; 2199.8574
453.6628; 1378.3990
20.4748; 68.1961
321.2824; 980.2477
790.6649; 2402.3010
439.0518; 1336.5706
52.9004; 167.2619
320.6588; 979.5636
280.5341; 856.7097
624.2807; 1898.6403
88.7877; 273.7907
416.9241; 1270.1570
869.6714; 2641.6934
654.6719; 1989.8854
304.3212; 929.7219
359.8701; 1095.6902
64.4532; 203.1387
498.3732; 1516.8289
29.4047; 95.7161
824.4702; 2502.9980
587.3923; 1787.0803
763.7283; 2320.7659
78.0497; 242.7352
416.5767; 1267.8617
347.6064; 1059.3839
775.1488; 2355.8062
492.6117; 1498.5721
211.4059; 648.1979
710.3564; 2157.1848
134.6430; 412.0932
398.1107; 1211.8143
884.0665; 2685.7434
564.7686; 1718.5040
270.3798; 824.6487
782.9914; 2379.1040
74.2927; 230.6820
971.6805; 2948.5818
572.1404; 1738.9873
138.0982; 424.9077
600.6476; 1825.7727
203.0407; 621.0526
44.8335; 142.8193
954.8417; 2900.2334
734.4744; 2231.0908
526.0313; 1599.1483
939.6431; 2852.9065
166.3317; 512.6566
384.2279; 1168.5150
902.4673; 2741.3579
569.0451; 1732.2429
447.7558; 1362.8834
26.7204; 86.7577
663.4099; 2016.7742
601.4675; 1830.0925
92.4530; 286.6236
774.0514; 2350.6865
336.4405; 1027.5066
382.6990; 1165.5894
214.9378; 657.4999
123.5107; 380.1839
161.9696; 497.7887
394.3436; 1200.2878
797.8003; 2423.4246
991.7186; 3009.1987
1001.4933; 3043.4639
409.5863; 1248.6327
70.2846; 220.1591
837.2179; 2542.9929
30.0163; 97.3714
908.9661; 2761.2798
892.3777; 2708.5596
287.2485; 877.4166
466.4230; 1420.6094
755.2343; 2294.2004
353.1303; 1076.9724
687.5075; 2091.1414
634.2181; 1928.7544
915.6402; 2781.4431
999.2297; 3034.4673
749.7044; 2278.0139
357.8724; 1089.6639
731.4801; 2222.7507
267.9918; 819.0936
504.7568; 1535.4218
566.9795; 1726.4258
948.7584; 2883.0317
590.6837; 1796.1979
360.1275; 1099.5750
529.5003; 1609.4922
573.6379; 1745.2206
294.2126; 897.6521
879.9253; 2671.4856
450.3528; 1371.0599
17.1579; 57.6945
864.7747; 2626.1641
757.5891; 2302.9814
396.5704; 1207.9655
665.4863; 2022.5729
377.3222; 1148.5077
917.7017; 2786.6694
605.8724; 1842.9297
193.3359; 592.9554
855.4003; 2600.2317
435.3389; 1325.4554
99.1461; 305.7937
168.1604; 516.3459
188.5875; 577.7075
492.8205; 1498.9990
189.4918; 580.1288
114.0644; 352.7104
462.0306; 1405.1019
43.1595; 138.1304
583.9159; 1776.4663
615.7333; 1872.5834
18.5330; 61.9992
165.2886; 507.7271
670.6045; 2039.3970
425.1641; 1294.5387
70.0889; 217.2850
410.5723; 1252.2747
775.7011; 2356.4309
388.7774; 1186.9434
284.7309; 871.9893
437.0813; 1331.0847
300.5906; 918.4451
539.4450; 1639.7871
381.9044; 1164.0375
457.3681; 1393.2783
657.6991; 1999.6663
606.4173; 1842.5945
518.6511; 1578.3538
842.0589; 2557.4160
708.2951; 2152.5479
402.2118; 1224.9070
233.8611; 714.4130
934.2764; 2837.2932
674.0643; 2049.8750
313.8596; 955.6832
297.6535; 910.3913
589.4485; 1794.1820
749.0442; 2276.6160
901.3633; 2736.8813
482.2646; 1464.1719
31.1809; 101.2178
174.6476; 536.8835
430.8093; 1312.7410
885.0527; 2685.7051
361.7315; 1102.6829
864.0027; 2624.9358
64.4577; 200.3369
298.0354; 908.9039
81.4855; 253.6212
695.7375; 2114.4343
708.1995; 2150.7107
515.6133; 1567.8162
775.2467; 2353.7671
561.1313; 1707.6771
882.1740; 2679.9670
774.7516; 2354.1045
502.7945; 1529.8113
471.4233; 1436.4998
856.0029; 2600.1826
777.0321; 2359.7319
640.3159; 1944.8688
752.1694; 2284.8601
62.6563; 195.3332
106.5776; 328.7224
781.4604; 2373.7368
11.1485; 40.7858
477.3831; 1453.9563
646.8229; 1965.2797
81.6966; 252.6876
704.3853; 2140.5647
108.8796; 336.3299
445.3130; 1356.6036
434.1923; 1321.3309
721.5090; 2192.7126
1003.1738; 3045.1729
95.7136; 296.2591
666.8128; 2026.1539
97.4672; 302.9377
182.8438; 560.8896
310.6067; 947.5956
407.7106; 1242.7000
612.9534; 1863.0332
316.7100; 965.5463
368.7110; 1123.2913
989.3436; 3004.0056
86.8061; 268.5730
625.5048; 1900.1243
135.7786; 417.5767
154.1800; 472.8253
317.2685; 968.1500
816.3853; 2479.7920
275.2681; 840.3829
447.6721; 1363.1633
957.4154; 2906.0989
787.8473; 2392.2002
686.2928; 2085.6953
207.4264; 633.7128
795.2086; 2416.4402
378.0617; 1149.5452
137.4953; 422.6356
504.0889; 1533.7524
942.2815; 2861.7947
591.9746; 1799.8947
677.0491; 2057.1770
860.7048; 2613.3599
461.5235; 1404.6422
285.4708; 871.7535
547.3617; 1665.7709
758.6818; 2306.0256
163.6202; 500.2793
251.6485; 769.0512
509.8076; 1549.2445
166.7643; 511.5374
410.9771; 1251.4222
790.1859; 2402.0986
310.2198; 945.4373
775.0244; 2354.0486
945.2806; 2870.4309
990.4931; 3008.0110
549.0708; 1667.9679
430.5101; 1309.7957
172.9229; 530.3401
843.3888; 2561.9070
386.1706; 1176.2654
104.9947; 324.4135
136.2570; 419.2169
71.0581; 222.1737
797.8228; 2421.8054
628.5011; 1911.1031
802.3101; 2437.6470
110.3208; 339.6841
645.3980; 1962.5831
220.3868; 673.3484
553.2186; 1682.4545
32.8081; 105.5855
614.6117; 1870.4845
600.3583; 1824.2272
999.9837; 3035.9172
985.2883; 2992.9277
338.1484; 1030.8848
459.9109; 1401.2120
283.5256; 864.7740
250.3097; 765.9711
662.3113; 2013.8931
730.6803; 2220.7866
383.2965; 1166.9861
384.1166; 1170.8956
691.8997; 2105.1770
782.7227; 2375.9082
73.7577; 229.0309
832.1452; 2526.2004
200.5459; 613.3543
923.5083; 2804.6746
73.2920; 228.7753
497.7071; 1516.9707
401.9060; 1222.9502
967.1348; 2936.8677
853.7906; 2592.5945
417.9819; 1273.5349
475.7692; 1446.9823
446.0344; 1357.1934
692.1540; 2101.4360
327.9073; 1000.2515
752.7319; 2285.9011
600.5479; 1825.9757
489.4621; 1491.4257
427.7707; 1302.3326
516.2673; 1569.9794
541.2783; 1646.6946
901.7341; 2737.5801
213.5376; 653.2310
303.6186; 926.9681
326.5145; 995.7037
417.0170; 1270.2784
379.7800; 1157.3073
558.2787; 1698.6030
65.9362; 203.6118
365.0578; 1112.8866
575.5918; 1750.3313
781.6269; 2374.9331
47.2959; 149.1373
849.2784; 2581.1074
827.5326; 2512.4478
276.0722; 844.2938
631.5074; 1919.7030
894.9859; 2718.0342
793.0948; 2409.6399
438.3131; 1333.9360
276.0426; 842.0263
878.5365; 2668.9407
801.3258; 2433.3020
728.2541; 2214.3005
346.9259; 1056.7629
77.4638; 241.8415
759.8982; 2307.7229
323.3091; 988.2590
945.6556; 2872.1216
128.0587; 396.6252
950.2158; 2885.1028
264.7551; 808.9461
997.8538; 3029.7549
410.8120; 1251.3392
393.3831; 1197.4128
10.4494; 36.3030
647.3833; 1969.4998
455.6458; 1388.0679
588.3709; 1791.1990
220.2294; 672.7975
194.3934; 596.6910
528.5059; 1608.0698
27.5337; 90.4580
272.5204; 831.4380
896.1913; 2721.8909
50.9288; 161.9544
163.3932; 500.9468
660.8139; 2007.7830
34.8318; 111.5686
999.9334; 3035.7893
449.2397; 1368.5127
83.2636; 259.4332
20.1478; 65.6001
381.3073; 1162.3201
451.5760; 1374.1689
313.9658; 958.8506
273.8768; 835.7169
907.6174; 2758.4316
278.4867; 851.6344
89.2838; 275.7249
270.3142; 824.4624
265.7968; 812.4032
819.6974; 2490.8357
236.5061; 722.3410
816.4116; 2481.2107
71.7580; 223.2362
472.4773; 1439.6851
407.2110; 1240.9740
857.3614; 2604.0078
668.5925; 2031.2124
221.3189; 676.7584
435.4860; 1327.9573
620.4593; 1887.2904
691.4658; 2100.3008
99.5770; 308.6464
856.2130; 2600.4170
185.6981; 567.8196
894.7429; 2717.5554
400.8825; 1221.8179
363.5780; 1108.3405
591.6001; 1799.1764
660.1333; 2007.2026
803.0207; 2440.8738
471.4123; 1434.0059
752.6145; 2287.6782
450.8179; 1372.7814
143.2608; 441.2493
286.2393; 872.9189
16.4002; 55.4853
88.4297; 274.5573
805.9889; 2449.1587
395.0361; 1203.0438
753.0687; 2287.8542
267.0672; 815.7244
473.4688; 1441.8395
893.2984; 2711.4055
86.1527; 268.4784
736.5958; 2239.1973
710.5277; 2159.6455
797.4241; 2423.1475
11.2966; 40.2352
316.1170; 963.8757
780.8678; 2372.0830
22.6463; 75.5399
131.9771; 404.4648
268.2973; 818.5468
324.6388; 987.2289
172.1786; 527.5933
951.6180; 2891.1851
412.7286; 1256.8770
690.7666; 2100.4307
732.3032; 2225.2168
32.9024; 103.8589
43.0215; 136.9006
233.9041; 716.4963
497.9274; 1516.1621
548.8614; 1669.8699
147.1773; 453.5391
668.6377; 2032.7336
899.8257; 2732.5317
837.0601; 2542.0100
712.8926; 2165.9922
909.5148; 2761.8110
778.0526; 2364.1536
13.2082; 45.6659
432.3336; 1316.0959
801.9929; 2436.8960
260.1834; 795.1699
649.0728; 1972.4393
480.4639; 1462.7327
984.7885; 2989.9668
602.9292; 1834.9292
666.8449; 2027.5604
919.3080; 2792.2920
891.0240; 2706.5984
683.2904; 2076.4060
467.8806; 1424.5348
63.8380; 199.6452
788.8037; 2396.4021
408.5227; 1245.4244
987.0506; 2995.2229
380.9454; 1160.5022
375.5302; 1144.9839
231.3320; 708.0853
81.2323; 253.1874
79.6855; 249.5052
609.7797; 1853.2554
534.0740; 1625.8888
675.2284; 2051.0098
527.7224; 1605.2278
633.9696; 1927.6860
897.1749; 2727.0034
99.7340; 309.1969
65.8564; 204.6021
221.6469; 678.2019
153.9018; 472.5369
685.4610; 2081.3547
195.6289; 597.0949
461.5090; 1405.3857
267.1017; 814.5435
847.8292; 2575.6843
537.8677; 1637.2986
246.1996; 752.4644
259.3177; 793.5720
12.4418; 45.0182
749.1134; 2276.3513
885.6326; 2689.0579
346.7946; 1055.0634
798.4954; 2425.1455
300.5285; 916.6640
264.9526; 808.4006
224.1398; 684.7219
23.3503; 78.5954
481.9500; 1466.6217
505.1084; 1536.8467
592.2675; 1799.9772
895.8915; 2721.9187
978.6577; 2971.8191
268.8468; 822.6038
952.9664; 2893.4561
710.7285; 2158.4065
944.9375; 2869.1748
26.2940; 85.4587
263.1618; 803.5973
317.8205; 970.0111
373.9631; 1140.7899
354.8645; 1082.7303
158.1029; 484.4052
533.4687; 1622.2416
581.1984; 1767.8912
854.4117; 2596.1309
677.3029; 2058.8831
336.0248; 1025.3124
363.4348; 1108.2269
45.3580; 143.1638
912.4561; 2772.0315
954.7812; 2898.2351
49.6408; 158.0346
894.7095; 2718.0396
813.5888; 2471.0542
712.6562; 2166.9497
766.7654; 2329.4487
677.6939; 2060.1060
674.5620; 2050.1626
835.5277; 2537.4084
301.7810; 922.7619
192.7931; 590.9667
663.9384; 2016.7139
307.5202; 937.4504
68.6674; 214.5210
639.1747; 1942.7694
715.7365; 2176.4531
17.2698; 57.6955
26.4145; 86.3598
741.4364; 2253.3933
884.2661; 2685.5776
137.9125; 424.4535
585.2179; 1778.2106
937.8250; 2847.3716
650.5555; 1978.7300
631.7848; 1921.0846
33.1750; 106.2609
223.0381; 680.4076
113.0349; 350.1445
20.9601; 69.3994
195.7967; 600.4808
327.6671; 999.8619
60.3824; 190.3985
366.1299; 1114.9102
123.6696; 380.7773
546.4692; 1661.7135
951.9908; 2890.3506
303.3229; 926.2609
214.7035; 658.9030
774.0254; 2351.0491
830.1811; 2521.1721
479.1788; 1458.7715
786.0326; 2387.4116
300.2747; 915.0461
254.6956; 777.5692
962.6673; 2922.6929
114.1978; 351.9297
359.6805; 1096.3594
79.1088; 247.3114
972.5371; 2951.7393
414.9776; 1263.3306
604.6068; 1838.1725
568.2977; 1727.1947
606.0091; 1842.7390
563.0619; 1711.6187
700.8319; 2129.6926
199.4668; 610.7676
783.4477; 2379.4268
544.0953; 1655.6608
194.5840; 594.7265
991.0508; 3008.3865
677.5390; 2058.7136
17.3163; 59.0159
832.4403; 2527.8032
460.6060; 1403.0439
1000.9138; 3038.8098
873.1005; 2653.3821
67.4789; 210.9348
548.5457; 1670.2427
491.2350; 1494.4346
686.6049; 2087.0186
301.7595; 918.5353
718.2165; 2182.9739
881.4133; 2675.8621
623.5782; 1895.2871
764.5051; 2323.8784
859.1637; 2609.4255
665.5443; 2022.4164
959.6102; 2913.4297
114.8536; 354.6834
177.6396; 544.5568
304.2460; 928.5139
373.0349; 1135.9690
143.6473; 440.3646
272.2864; 832.8334
410.7278; 1252.3228
200.1900; 613.1857
191.0652; 586.1106
201.8485; 617.1736
583.6731; 1773.4963
46.5524; 148.4335
583.4427; 1774.0938
934.0881; 2836.7542
469.0724; 1429.4066
788.2909; 2394.4280
675.6306; 2053.5564
877.6533; 2664.4546
376.6912; 1145.2513
80.2129; 250.7863
622.8012; 1893.6770
521.7976; 1586.5106
545.9550; 1660.6492
294.0948; 896.6407
146.6722; 450.9619
21.8178; 72.2461
394.8663; 1203.2391
234.1805; 716.1061
401.0034; 1222.4310
548.3301; 1666.9391
164.1157; 502.8423
302.7974; 922.5319
201.8256; 617.5659
348.7612; 1062.2728
685.9483; 2085.6270
723.5954; 2198.7422
549.4529; 1671.5330
827.8410; 2513.2219
831.5496; 2523.8535
679.1676; 2062.8706
538.2673; 1636.6295
350.0885; 1067.0791
147.4117; 452.5373
416.6089; 1267.6284
811.6072; 2463.2422
751.5442; 2283.3462
402.0576; 1224.2860
730.9857; 2220.4573
643.4195; 1956.4822
780.5622; 2372.1450
502.7341; 1529.8571
508.4360; 1547.7078
411.7933; 1253.3718
424.8491; 1292.8602
463.8729; 1413.5389
488.5781; 1485.8376
981.2021; 2979.9778
510.9851; 1554.7646
700.2408; 2127.5674
100.6510; 311.9717
673.7020; 2049.6057
820.3135; 2491.5032
38.0603; 121.5380
421.3566; 1280.6345
504.2333; 1534.6471
854.2997; 2598.1328
983.9290; 2986.3740
14.8381; 52.8352
986.5745; 2994.8286
650.6405; 1977.5308
235.8408; 721.6052
901.0296; 2735.7722
97.5838; 300.4716
33.9970; 110.2453
359.1686; 1096.2271
424.1152; 1291.3755
912.1129; 2770.7090
19.9947; 67.9460
137.2656; 420.5121
148.7818; 459.5784
308.8672; 941.9155
148.5727; 455.5435
468.4261; 1424.5702
478.0688; 1454.4532
988.3585; 3000.8064
427.6227; 1300.9414
596.9447; 1815.9739
390.2368; 1189.2644
817.5641; 2483.1135
499.1190; 1518.5060
226.8830; 693.6312
937.8704; 2849.3435
399.5735; 1217.2979
852.4310; 2587.3535
469.6157; 1430.6030
285.5514; 872.5080
509.1527; 1550.0845
798.1786; 2425.8745
469.3405; 1429.8668
485.8473; 1479.8601
536.4766; 1632.5984
104.3022; 320.9381
670.6724; 2037.1119
540.0940; 1642.2972
90.8296; 281.6588
888.7956; 2699.4380
139.8023; 428.4348
167.3944; 513.8023
55.1466; 173.5228
904.2640; 2744.2495
25.8681; 85.5103
449.1970; 1367.8777
79.0013; 247.6570
554.4864; 1687.4634
958.3576; 2911.6953
796.5777; 2419.4124
483.1411; 1469.4812
850.3900; 2583.7244
437.0855; 1330.7437
234.8850; 716.0989
791.6376; 2405.1377
348.5878; 1062.3026
816.0655; 2482.2859
804.0559; 2442.7031
151.3334; 466.1396
499.7243; 1519.3350
492.1001; 1496.6003
763.9612; 2321.3589
631.8269; 1919.5004
218.1328; 667.4771
85.1314; 263.1096
511.2797; 1557.2792
624.9552; 1898.7394
979.1003; 2976.1565
274.5597; 838.3361
930.3667; 2824.1899
802.0257; 2436.6523
670.3027; 2038.5339
575.7907; 1749.7463
320.2686; 978.9409
866.7987; 2633.2559
49.6826; 156.5564
724.3612; 2200.4871
258.3897; 787.5753
846.4992; 2571.1709
397.3466; 1210.9650
337.3452; 1028.3051
237.4211; 725.0165
365.9469; 1114.7606
735.8753; 2237.5356
422.4375; 1285.7029
526.6345; 1602.1454
680.7357; 2068.0723
242.2120; 740.1053
22.9367; 75.8728
129.6552; 397.5714
546.1248; 1659.9260
854.5793; 2596.7676
847.8450; 2576.7703
127.4416; 394.0546
746.8988; 2269.2898
661.6219; 2010.9839
194.8365; 596.9044
717.2309; 2180.0715
391.1660; 1193.0851
810.2110; 2460.7793
123.6171; 380.4803
949.3962; 2882.8413
293.4706; 896.8113
476.6928; 1451.4160
534.0631; 1625.5132
366.1440; 1116.3248
539.4843; 1641.7058
796.4049; 2419.8088
600.3549; 1825.2086
654.8625; 1990.8772
365.3999; 1112.9320
493.3097; 1501.9741
374.0138; 1138.7922
413.3520; 1257.7368
49.6488; 156.6287
432.0580; 1314.8032
98.1908; 304.2731
246.5744; 753.3265
995.8058; 3024.6951
908.7310; 2759.3628
842.7003; 2560.4368
643.6645; 1956.6392
107.6852; 333.1971
953.8286; 2896.0066
651.0252; 1979.7213
456.1108; 1388.8931
519.8630; 1581.7146
403.3684; 1230.9164
363.9724; 1110.2524
684.0023; 2079.9211
326.7366; 995.5926
603.0541; 1834.8646
601.3776; 1828.0367
821.2832; 2494.9924
106.5704; 328.1057
649.0887; 1974.1959
129.8820; 399.7404
248.2812; 758.6660
922.9293; 2803.9719
199.3705; 610.7332
892.6918; 2712.1155
33.1040; 108.3371
805.6914; 2448.4934
478.9490; 1458.1880
658.0815; 2001.8258
364.6626; 1111.7322
69.7320; 218.5267
892.9263; 2712.0149
17.6650; 59.1574
62.4918; 196.5645
901.7295; 2738.3027
629.8306; 1916.0126
310.0172; 944.7545
602.5619; 1832.8801
505.6881; 1539.5566
822.9778; 2499.7695
130.1376; 400.0651
456.7566; 1391.2013
589.7511; 1793.9495
529.4159; 1609.5753
21.6421; 73.0534
558.0355; 1696.8464
895.6369; 2719.4167
807.9936; 2454.2446
220.2083; 673.5161
138.5046; 426.6585
945.2986; 2871.3328
845.5891; 2568.8193
539.5282; 1640.7404
205.0772; 627.7662
802.7305; 2437.0520
932.7510; 2832.5540
220.9384; 679.0695
678.0650; 2061.3289
147.0898; 450.7777
519.1617; 1579.0081
828.7994; 2516.9849
132.3553; 407.2574
15.9894; 54.9934
686.8399; 2086.1140
544.0418; 1657.0830
93.5990; 289.1062
713.1143; 2166.8635
892.5807; 2711.8000
555.9198; 1691.1992
827.8906; 2514.8086
909.1801; 2761.6030
1007.2617; 3059.5999
659.3439; 2004.8636
119.0711; 366.3013
177.2554; 542.8189
720.2992; 2188.6548
754.6373; 2292.2798
906.6508; 2753.2107
348.0130; 1060.9274
660.4054; 2009.2076
61.2965; 191.7536
689.2807; 2094.9290
132.1418; 408.1857
447.5609; 1363.3933
868.8113; 2639.7710
265.0383; 811.1893
956.0319; 2905.3171
639.2343; 1943.0216
110.3037; 341.3393
102.0486; 316.3347
950.9945; 2887.6174
741.5988; 2253.2935
9.0332; 34.9752
500.1128; 1520.8391
631.4679; 1920.2278
772.1193; 2345.0786
408.1005; 1243.7249
186.4868; 570.9922
774.0789; 2352.8323
285.0888; 868.4923
682.2472; 2073.4587
351.0231; 1070.2030
845.9252; 2567.9727
243.8924; 745.9982
251.6052; 769.1318
149.1648; 457.9208
110.1489; 340.0344
1000.7383; 3037.6453
496.8244; 1512.0050
338.7948; 1033.3192
592.7544; 1801.2097
481.0331; 1464.6226
893.6978; 2713.8669
17.8833; 63.2576
460.0669; 1400.1215
459.8098; 1399.3610
623.2890; 1895.4071
62.3859; 197.0712
936.4681; 2843.7734
504.9006; 1536.0822
813.3191; 2470.9294
312.0468; 951.9955
908.1301; 2758.7717
373.3356; 1138.3669
897.5595; 2727.4570
173.9630; 534.6682
907.1497; 2753.9993
218.3540; 667.6078
70.7497; 219.7184
929.1653; 2822.1785
559.9997; 1703.2557
827.4187; 2512.0022
693.2294; 2108.1335
232.3743; 710.5758
695.9391; 2114.5715
18.4598; 62.9546
428.7290; 1305.4838
853.5212; 2591.3201
987.1545; 2996.4185
93.7627; 291.6751
585.8281; 1783.2192
88.2638; 272.7907
71.7080; 225.2307
400.8100; 1219.0050
166.5290; 509.6889
731.6433; 2221.6101
175.1069; 538.4620
529.8752; 1612.9023
509.0783; 1547.9146
745.1132; 2262.8225
300.7009; 918.0930
346.0679; 1055.3883
863.3431; 2620.6282
770.7587; 2342.1282
165.6953; 508.1521
841.2759; 2555.7749
295.5412; 902.0024
983.9835; 2987.9507
601.6584; 1829.0743
538.1248; 1637.4507
993.6555; 3016.2561
954.3365; 2898.4578
207.6218; 636.8438
109.7204; 338.9189
898.1859; 2728.2239
638.8661; 1940.9011
47.2970; 149.2539
601.9331; 1831.1614
287.3976; 877.2782
371.5812; 1133.6261
597.2068; 1815.4385
442.2418; 1347.0585
541.5366; 1648.0695
701.8839; 2133.9304
633.1791; 1925.5125
521.6100; 1588.1571
976.6345; 2964.3225
1007.0993; 3057.9358
527.8435; 1607.5712
537.6723; 1635.4579
365.2965; 1113.7225
572.4486; 1740.6030
544.0008; 1653.8536
251.0151; 766.6936
307.1796; 936.8218
583.1269; 1772.5551
690.5356; 2099.4250
608.4983; 1850.7780
107.7785; 333.1493
964.3821; 2927.6521
683.7433; 2077.9219
468.6950; 1428.2653
826.4028; 2510.3433
773.8247; 2352.9272
50.6785; 160.0837
160.1383; 491.9345
222.8310; 680.9853
363.9353; 1109.5624
33.2699; 109.7449
45.4763; 143.3556
201.9542; 618.8624
422.8318; 1286.6129
446.9954; 1361.8038
458.0107; 1394.9777
313.5112; 957.3173
255.8136; 781.2668
896.6834; 2724.7473
733.6561; 2231.6519
701.7060; 2133.2546
346.8069; 1057.1249
997.6198; 3029.3088
729.6223; 2218.0405
494.9622; 1507.2197
38.2753; 123.0000
834.2114; 2534.5706
756.7264; 2298.4619
525.5222; 1599.4709
998.3873; 3031.7842
751.5739; 2282.7112
601.6710; 1829.7107
609.3717; 1851.9561
351.0673; 1069.7832
158.5951; 487.2538
918.4940; 2789.8037
171.4014; 526.0154
18.2716; 59.7740
801.4475; 2434.4514
37.5880; 120.1858
404.0346; 1228.8483
982.2477; 2983.3257
360.7478; 1100.0879
293.0568; 894.4749
567.8467; 1727.6768
473.6195; 1439.8209
309.6869; 944.9824
639.3982; 1943.1476
500.1869; 1522.3440
911.1312; 2769.1370
701.7398; 2131.6504
155.7502; 476.9379
313.6842; 957.6776
359.6167; 1097.6615
938.7410; 2850.3826
797.9124; 2424.3855
403.8004; 1229.3037
884.2892; 2686.3904
498.1935; 1516.5795
648.8319; 1971.3943
534.0399; 1623.9270
309.5961; 944.4380
218.1485; 667.7898
869.9982; 2644.1318
37.7650; 119.7760
981.0146; 2978.0369
472.7041; 1438.0770
448.1966; 1364.9434
355.0253; 1082.9192
905.2058; 2749.9053
236.1443; 720.3187
863.6114; 2625.0366
96.3939; 298.9749
893.7992; 2715.5908
783.8031; 2381.7241
721.4503; 2191.1375
609.7934; 1854.2269
63.0416; 197.4399
710.8327; 2159.7002
265.0097; 809.6282
725.5740; 2204.1946
184.4434; 563.7319
803.5235; 2441.7092
283.6932; 865.1437
285.8024; 873.2791
521.3359; 1585.9241
411.5330; 1253.1956
731.9766; 2224.3281
777.3850; 2361.6199
826.8762; 2511.0520
156.0911; 479.4293
886.3629; 2692.3298
663.0202; 2015.3491
557.0898; 1692.6743
321.9466; 980.6535
758.0041; 2301.6921
348.8745; 1063.1531
488.2261; 1485.4478
676.0432; 2055.4795
501.3316; 1527.3475
869.2704; 2638.6978
457.0435; 1392.6833
63.9096; 201.4159
861.2113; 2616.5220
734.0346; 2231.0295
753.9067; 2290.5156
231.9551; 707.6634
179.7722; 551.8224
543.3844; 1651.8083
220.1912; 674.4810
167.5334; 514.1200
226.1087; 692.0307
559.9593; 1700.2286
433.1351; 1319.8816
393.2162; 1197.4312
822.3592; 2499.0054
755.1433; 2295.8508
866.0711; 2631.2644
235.9920; 720.8854
211.1068; 646.1900
720.9461; 2190.8123
715.5601; 2173.7153
179.2836; 547.8234
738.4747; 2243.6228
205.9516; 630.9136
663.6981; 2018.6183
799.9541; 2429.5537
780.1889; 2369.8660
915.5443; 2780.1101
907.6919; 2756.6711
448.6465; 1366.6929
189.8516; 582.6864
803.3173; 2439.5371
255.9644; 780.0007
355.2967; 1081.9299
121.5453; 374.0273
367.0335; 1117.7321
663.2064; 2016.0210
1003.1993; 3048.9819
859.3389; 2612.0381
835.0132; 2535.4246
276.5374; 845.3071
273.9151; 835.6571
925.1698; 2809.3872
839.8915; 2549.3984
97.7916; 302.4883
288.0227; 879.9732
819.7453; 2490.4282
452.0259; 1376.7079
715.5041; 2174.7275
560.8446; 1705.4285
164.4151; 506.2346
624.2021; 1898.5347
524.5886; 1595.6538
675.5547; 2052.7542
122.0516; 376.7363
511.8697; 1556.2357
472.2087; 1437.1997
816.3853; 2481.3186
884.1847; 2685.3674
183.1642; 559.8270
200.9881; 617.0691
337.3840; 1028.8961
690.7893; 2101.3545
208.2218; 636.8403
917.8069; 2785.5884
354.2480; 1079.3423
839.7363; 2548.3655
410.0506; 1247.3389
498.9413; 1519.0608
923.1949; 2803.9915
135.0625; 415.8569
966.1664; 2933.0486
333.2746; 1016.6709
296.3457; 905.6226
651.1489; 1979.7010
69.7512; 217.8158
899.9133; 2733.3359
341.1646; 1040.4996
965.3873; 2931.9771
927.4855; 2816.7495
375.6101; 1144.7407
595.4732; 1811.7330
826.9225; 2513.8938
289.9418; 884.2312
405.6483; 1237.1854
930.2177; 2824.6975
614.3254; 1868.3621
175.0938; 537.3835
537.8184; 1635.1028
665.1470; 2023.0928
560.6647; 1704.8171
960.1646; 2915.4292
936.1055; 2842.2065
328.6035; 1000.6978
470.8910; 1432.2001
508.2590; 1547.5961
854.9663; 2597.8506
396.8570; 1207.4822
594.4235; 1806.6896
1001.8969; 3041.5833
895.0617; 2717.4663
723.5795; 2198.9202
502.5057; 1528.0891
311.7786; 951.5331
121.9148; 375.5691
321.1367; 978.7079
271.5790; 829.1409
924.0998; 2807.0251
838.9280; 2548.5161
770.1431; 2339.3457
633.1117; 1923.5706
653.7432; 1987.1807
997.4127; 3027.9976
738.8065; 2245.3931
98.3970; 305.1940
724.0675; 2200.2249
135.0118; 414.8748
600.5361; 1826.1940
104.3518; 322.9755
725.8752; 2203.9375
353.6383; 1078.7698
676.6275; 2057.6614
182.8937; 560.8931
42.0351; 133.7758
850.3452; 2581.6968
725.0519; 2203.2852
91.8691; 285.0440
172.4811; 527.1138
222.8917; 681.8077
600.2654; 1824.8538
184.9445; 567.2780
627.6135; 1909.5935
723.3844; 2197.0671
984.8264; 2991.7944
404.7263; 1230.9188
819.7212; 2490.1401
40.1495; 129.1114
601.2533; 1829.1089
805.6756; 2447.4866
822.8133; 2500.8101
313.1909; 954.1121
423.6742; 1289.7162
836.3895; 2540.2981
379.2211; 1155.6665
347.4555; 1059.0945
337.1549; 1028.7063
446.2573; 1358.8663
516.1597; 1570.0474
749.4342; 2277.6458
143.7292; 440.6421
997.6910; 3027.9258
934.6254; 2838.2605
274.1668; 836.9516
569.1157; 1729.6886
843.1523; 2562.3567
638.4420; 1941.9188
725.9096; 2205.5798
864.3015; 2626.2727
219.6566; 673.0157
488.6301; 1485.8617
227.1459; 693.9950
37.1424; 118.8162
378.7684; 1155.1570
192.3985; 588.9258
134.3261; 414.6362
606.1880; 1843.9948
750.3323; 2279.3901
878.3482; 2667.5210
203.6936; 623.8351
980.7820; 2977.2021
240.9215; 737.5023
601.9914; 1829.2120
175.5993; 537.6946
347.9212; 1060.6505
359.0454; 1095.5742
893.2180; 2712.8770
825.4531; 2507.6433
189.3757; 580.4654
505.2862; 1537.3823
449.1278; 1366.9901
333.1173; 1014.7865
957.3511; 2906.5471
521.2563; 1585.1935
223.9226; 685.8256
574.1591; 1747.1486
713.2029; 2167.3577
919.2142; 2790.7900
673.1186; 2045.9414
252.5808; 773.1188
747.9109; 2272.2380
74.2304; 231.6600
578.5092; 1759.8733
632.5138; 1922.8126
31.8333; 102.9620
182.5396; 559.1671
919.4896; 2793.0757
512.4554; 1559.6847
863.1633; 2620.6152
430.0718; 1309.3599
77.7061; 240.9081
671.6581; 2041.0128
526.5565; 1601.6868
341.7361; 1040.3849
171.4193; 525.2071
802.5671; 2438.4463
508.5961; 1548.5964
806.1373; 2448.9434
732.5823; 2225.9033
352.7912; 1076.0121
608.4051; 1849.3749
492.0686; 1498.7771
685.7938; 2084.1392
850.0433; 2581.1604
109.3535; 339.6784
499.8422; 1520.6149
568.0794; 1728.8376
9.9331; 35.0965
26.6053; 87.5472
552.0685; 1677.2682
40.0070; 127.7396
782.9044; 2379.4175
752.8338; 2285.4219
54.3728; 170.6370
683.2265; 2076.9417
915.9597; 2779.1799
473.2765; 1441.0675
333.9089; 1017.6545
577.5420; 1755.7291
856.3077; 2601.7852
232.4950; 710.0292
775.5335; 2356.0583
171.8129; 527.7095
744.3659; 2262.3208
206.4102; 631.4507
257.3626; 786.3566
841.7328; 2556.4976
944.3005; 2867.8242
945.7593; 2873.8643
720.6025; 2188.1765
456.9500; 1391.2557
123.5585; 378.9855
267.7140; 818.6509
439.8606; 1337.9242
626.9892; 1906.0691
812.6067; 2468.2966
968.6199; 2941.8960
347.5826; 1059.2583
720.1101; 2189.2544
212.6045; 649.4758
635.8609; 1933.9312
271.6748; 830.1494
1005.4019; 3053.1025
161.3973; 496.2786
417.1489; 1271.4448
203.1158; 622.3223
500.1549; 1521.2744
524.0506; 1593.7156
453.9793; 1381.9341
669.5275; 2035.1140
567.7639; 1727.8097
312.5613; 953.4417
858.6434; 2607.7888
458.9539; 1394.7855
221.4111; 678.0557
568.5760; 1727.3992
533.8701; 1623.2833
490.4389; 1491.9250
681.0063; 2069.7212
408.7819; 1245.2534
1002.1910; 3042.7126
596.5093; 1813.9200
352.4015; 1074.2312
472.1143; 1437.3906
198.4023; 607.9004
639.6577; 1943.5634
126.1803; 387.6554
246.6557; 754.3986
813.8946; 2471.4167
890.8554; 2705.4844
346.5162; 1057.9263
649.9661; 1974.5040
802.6170; 2440.0686
462.6307; 1409.9617
197.1862; 601.9117
779.3230; 2368.2871
786.5261; 2388.8452
110.0828; 339.7976
861.7615; 2617.7156
211.0499; 645.1434
367.2789; 1120.1140
449.0970; 1367.2856
733.8171; 2227.8257
204.1812; 624.2990
611.3643; 1859.1318
339.2272; 1033.7985
178.4688; 547.0005
525.8529; 1599.9631
848.4637; 2577.1931
238.5440; 728.6607
354.3909; 1081.7362
761.5855; 2313.1055
211.1665; 646.2401
349.4226; 1064.1505
603.4710; 1834.8788
33.5978; 108.2376
44.8030; 143.2395
630.4632; 1917.2849
514.3058; 1565.0685
447.2475; 1363.3414
978.9527; 2972.8342
164.0725; 504.1182
215.5791; 658.5928
174.2059; 534.4595
341.7131; 1043.0629
371.8494; 1132.4452
282.5277; 860.8035
539.0483; 1639.6724
341.8014; 1042.3099
807.2111; 2452.9895
832.1542; 2528.4873
164.6200; 503.6159
610.9562; 1859.0109
82.1245; 254.0464
513.2530; 1563.0465
718.1738; 2182.4512
325.5578; 993.9714
840.3017; 2552.3098
872.6171; 2649.4053
226.1405; 692.4363
72.3423; 225.4454
20.4163; 68.5644
314.7973; 958.5411
306.0494; 935.5324
410.8923; 1250.7533
960.0154; 2916.0952
998.3230; 3030.1250
179.8996; 551.0131
118.3635; 364.3203
968.1622; 2939.3599
427.9371; 1302.0583
20.1595; 68.0693
615.6774; 1870.8004
794.9016; 2416.0989
408.9835; 1243.8909
289.8042; 884.9598
76.7959; 236.9233
485.2241; 1476.6505
619.6820; 1886.3265
200.6661; 614.9055
120.5737; 372.4667
178.2594; 545.2120
841.2261; 2554.4468
145.2849; 448.0580
260.6679; 797.0374
187.5176; 573.2089
15.7534; 55.5556
154.3107; 476.0322
374.2549; 1141.8972
848.4910; 2576.8259
895.3297; 2718.2930
568.1770; 1727.3893
149.9904; 459.9640
266.5555; 813.5041
390.6134; 1191.2833
910.5099; 2765.5391
206.0269; 630.1214
967.7137; 2938.9973
698.4062; 2122.2617
527.9692; 1607.9575
218.1571; 668.3267
1008.0897; 3061.3184
576.7975; 1753.7295
550.7183; 1675.3756
99.1989; 304.6197
649.4755; 1973.4183
938.6775; 2847.8389
970.7618; 2949.2593
123.8274; 382.9199
512.9802; 1563.0632
650.1052; 1975.8751
311.9066; 949.9260
573.2013; 1743.8892
248.8390; 760.2915
220.1433; 674.8818
44.4914; 141.1982
909.5382; 2761.7830
380.4277; 1160.1396
676.2298; 2053.4719
987.9315; 2998.7209
903.6004; 2743.5344
58.0257; 182.1361
510.2468; 1552.8158
418.7088; 1274.7858
720.1499; 2189.1106
144.4236; 442.4688
478.9487; 1457.5702
344.8975; 1052.4625
450.9170; 1373.2034
32.5928; 105.2722
820.2601; 2492.3799
620.0361; 1885.7792
504.7923; 1535.0956
94.1835; 290.1026
709.6072; 2156.5696
874.4151; 2655.3018
945.8882; 2873.4878
199.5429; 611.4701
628.1511; 1908.0841
594.5153; 1806.0470
298.3889; 910.3163
878.8168; 2668.8457
801.3473; 2432.8613
235.9888; 721.3917
514.6189; 1565.6986
234.5771; 717.9508
488.7187; 1487.3486
572.8572; 1742.9755
631.5257; 1918.8528
274.7338; 836.9068
749.6139; 2278.6580
925.2747; 2809.1792
634.3250; 1928.8773
55.6395; 175.2753
609.6800; 1853.6866
957.7147; 2909.5039
239.7116; 733.7556
417.0431; 1269.1879
125.6976; 387.6595
381.1291; 1159.8503
575.3776; 1750.5707
1002.3852; 3042.0957
409.2928; 1245.7228
142.2784; 437.3220
248.2329; 758.3481
727.7400; 2211.4995
223.8444; 682.8341
835.0415; 2536.2322
613.6770; 1866.0950
223.7697; 683.2529
780.2896; 2370.3875
305.7274; 931.7254
394.3962; 1201.5618
840.4188; 2553.1360
967.9844; 2938.3140
339.0631; 1035.1602
13.3028; 47.6265
172.1779; 528.7040
1003.5991; 3046.4805
684.2839; 2081.4128
731.2129; 2221.6433
34.5787; 112.9672
449.8077; 1369.4108
849.5052; 2581.7874
54.8956; 173.1998
865.0117; 2627.5664
374.6740; 1141.2902
749.5335; 2277.6580
854.2163; 2594.7729
979.0137; 2972.6409
774.0888; 2351.3079
167.5350; 512.8821
584.1614; 1775.7604
951.0720; 2887.7971
468.9170; 1426.2268
840.4429; 2553.0522
553.2713; 1684.5548
433.9567; 1323.6364
143.0904; 440.8038
166.7070; 512.0949
44.1025; 140.4140
760.3386; 2309.6631
49.6082; 156.4985
949.5633; 2883.1204
952.8326; 2893.9626
858.4083; 2607.2173
653.4344; 1986.7108
978.7759; 2970.9290
773.9291; 2351.3911
697.5791; 2118.2075
769.6699; 2338.6470
219.6495; 669.5256
19.0670; 63.3220
767.2771; 2331.3752
617.8380; 1880.3009
694.7229; 2111.9470
82.5794; 255.6961
327.0368; 998.7133
672.3425; 2042.1968
990.8109; 3008.4077
246.2869; 753.2397
341.1366; 1038.8987
957.1158; 2907.6165
224.3269; 685.6158
269.7434; 826.2803
585.8015; 1780.5131
959.9650; 2915.8376
423.8060; 1289.9294
411.0001; 1254.0862
505.7104; 1539.3407
77.2186; 242.1983
304.7323; 930.0703
275.3818; 840.9528
352.6793; 1075.5890
717.9076; 2181.4648
833.2315; 2531.2578
756.1226; 2297.7061
926.5206; 2813.7744
458.2745; 1393.9725
791.3803; 2402.7668
533.5962; 1623.4540
864.7589; 2626.2920
292.2452; 891.1523
942.6884; 2862.7195
329.1937; 1003.3389
893.1430; 2712.6448
178.7094; 546.5461
574.4275; 1746.8904
997.3816; 3027.3555
619.7431; 1883.5131
759.4529; 2307.9463
425.9646; 1296.9491
236.8928; 724.2290
440.3945; 1342.2526
126.6060; 389.3298
660.0299; 2008.0469
187.8616; 574.7667
388.1633; 1183.9335
421.8763; 1285.7894
654.0803; 1988.6008
872.7891; 2651.8191
1008.2856; 3059.8135
227.3593; 696.3847
747.8108; 2272.4878
748.5017; 2274.4236
215.2574; 658.3756
979.6435; 2974.1750
149.0920; 459.1470
345.5783; 1052.7966
332.3233; 1013.0907
64.8853; 203.0625
303.0109; 924.0710
664.3491; 2019.5914
497.6382; 1513.9901
1006.1129; 3056.3159
568.4117; 1729.5217
988.1753; 3000.0676
418.1863; 1270.5243
174.0852; 534.2507
565.7786; 1720.0033
293.8383; 896.1549
559.9961; 1702.9652
852.6516; 2589.2324
681.6549; 2072.8022
782.9964; 2378.8040
881.3006; 2675.9270
606.5486; 1844.4934
365.7010; 1115.9393
687.7697; 2090.0684
655.9415; 1994.1377
695.8304; 2112.8113
797.9934; 2425.6204
985.4511; 2991.8960
135.7158; 416.0310
978.6645; 2971.0657
797.4682; 2422.5068
24.7756; 80.9085
722.4789; 2197.5322
162.6611; 500.6385
658.9498; 2002.3455
829.4019; 2519.8330
960.5969; 2917.1682
753.4151; 2289.9199
814.9824; 2475.5720
68.0853; 212.6947
871.8085; 2647.7590
431.1802; 1312.9718
798.8563; 2426.1921
561.4780; 1707.7323
1006.0496; 3055.1375
170.7082; 524.7750
16.3877; 57.2151
950.6457; 2886.4082
278.4577; 850.9122
541.6950; 1648.3658
417.5144; 1270.6212
377.6716; 1151.0892
526.0521; 1600.5476
225.2090; 688.8209
117.0110; 360.1714
950.9404; 2887.7317
698.5348; 2121.4629
22.4590; 73.0473
335.2803; 1021.4326
26.1333; 85.8416
883.6307; 2683.8835
886.6857; 2693.1067
573.0123; 1741.1857
124.5695; 382.4113
633.4420; 1924.2128
85.5841; 266.3322
563.8575; 1714.3754
503.5771; 1532.8253
676.2877; 2056.1587
800.5982; 2432.4360
88.0326; 273.5692
322.5178; 984.2306
487.4362; 1484.1141
711.6497; 2163.4197
736.1280; 2236.4929
993.8219; 3016.8389
235.1968; 718.2388
685.0327; 2081.6338
1003.8543; 3049.8542
309.2080; 942.5800
558.0539; 1696.3251
258.1366; 789.2373
850.4229; 2582.8477
573.0182; 1742.1776
280.0264; 853.7369
886.7626; 2693.2039
979.2762; 2973.9653
981.9697; 2982.1519
357.6229; 1089.5399
958.8721; 2912.1052
617.4533; 1877.1058
539.3549; 1640.2114
293.8177; 897.4572
566.7526; 1723.5682
279.5451; 855.1586
689.0195; 2093.5667
948.8958; 2881.9819
179.9225; 550.2949
849.1038; 2578.0925
146.2952; 449.9334
408.5383; 1243.9966
760.5827; 2310.9150
996.3014; 3024.9468
17.2040; 57.5537
120.0363; 369.3427
500.0868; 1521.9493
81.6446; 253.1924
231.4365; 708.9849
222.9481; 683.2648
95.6998; 297.3534
144.4972; 445.5501
949.8398; 2885.3145
494.8052; 1504.5100
741.7100; 2254.5593
267.0636; 814.5390
276.1524; 843.4398
146.1533; 449.2209
586.0703; 1782.3501
601.6521; 1829.7236
622.1255; 1890.0415
602.1919; 1832.0928
297.8794; 908.7267
863.2701; 2621.2637
73.6964; 227.9912
405.4813; 1237.1689
467.3376; 1422.6307
487.6917; 1484.4500
660.8073; 2009.0043
320.6015; 977.7600
537.3520; 1633.8232
401.2827; 1222.0880
555.1185; 1688.0660
164.2337; 501.7291
134.4917; 414.6439
135.6903; 416.8123
190.4597; 582.1627
191.5098; 586.9563
886.3008; 2693.0081
195.4033; 598.1205
555.9095; 1690.5007
472.3630; 1438.4452
508.5274; 1546.7057
461.3326; 1404.3412
783.7089; 2382.8726
827.8778; 2514.9629
22.2216; 73.4352
773.0481; 2348.1267
530.0595; 1613.9105
341.9812; 1043.7111
326.6947; 997.3644
917.8386; 2787.4524
343.5098; 1047.7125
365.4822; 1115.0521
863.3543; 2622.9568
287.7372; 879.1064
603.2843; 1834.7922
761.8763; 2316.3000
219.0743; 670.9943
504.8393; 1535.7937
561.3668; 1705.5834
747.9578; 2273.7061
12.5392; 44.1745
218.4730; 668.2625
35.5722; 116.1009
640.5513; 1946.9774
627.4444; 1907.6106
392.9671; 1197.7976
479.6517; 1460.1771
618.6531; 1880.4106
36.4035; 118.4515
591.7546; 1798.7561
537.5482; 1634.3170
68.0793; 212.1491
947.6619; 2878.0059
73.8109; 227.6190
836.2163; 2540.4617
11.8006; 42.3364
395.5664; 1205.3906
684.6309; 2078.8289
376.8370; 1148.4279
729.6552; 2216.6094
211.2949; 646.4377
564.3288; 1716.7203
238.4654; 730.3981
42.7993; 134.6018
92.9490; 287.4179
377.7751; 1151.1666
203.4433; 624.1820
529.2285; 1609.4844
678.0982; 2060.7935
985.5906; 2990.7263
1006.5569; 3056.6401
376.5773; 1147.4550
386.4108; 1178.9714
498.8631; 1516.9725
739.0319; 2245.2419
911.5372; 2768.0139
970.4296; 2947.1646
856.7740; 2602.0847
739.5000; 2247.7512
738.6624; 2245.4192
956.4686; 2905.0068
260.8675; 796.0630
313.2695; 954.7574
283.5222; 864.8065
923.1939; 2803.6365
874.4214; 2655.3865
999.7934; 3034.7632
926.7507; 2812.0684
139.6181; 429.0674
449.9581; 1369.5787
894.5349; 2717.2158
169.9223; 519.9243
244.3092; 746.2884
661.6868; 2010.9108
163.6046; 502.4714
392.4429; 1195.8364
749.7542; 2277.0542
635.6039; 1931.4541
812.4257; 2469.2786
693.4292; 2108.5623
402.6754; 1228.6013
72.6964; 227.3654
394.7207; 1202.3910
323.4497; 987.4901
128.2050; 395.3018
669.0539; 2033.0151
926.0334; 2813.0347
401.3759; 1221.7513
218.9202; 669.0677
989.1703; 3003.6541
611.9132; 1859.8713
948.4713; 2880.7930
842.3154; 2559.6611
701.6393; 2132.5679
778.2832; 2363.7932
351.0708; 1069.9015
971.0176; 2948.8457
685.9223; 2084.6941
497.3550; 1513.1917
837.5328; 2544.6934
239.9744; 733.9277
624.2120; 1898.6897
828.0715; 2513.9136
795.0493; 2415.0652
872.4583; 2651.2388
407.8310; 1239.4276
645.7974; 1962.7209
518.9010; 1579.2787
767.7969; 2333.5698
160.2128; 490.6891
342.8469; 1044.7026
333.6760; 1017.0499
831.6133; 2525.6636
352.4284; 1075.4204
941.4822; 2858.6411
59.1442; 184.5894
527.6952; 1606.3354
326.8273; 997.0675
249.6388; 762.0914
965.8113; 2932.1025
619.1942; 1883.0262
185.7740; 567.8041
114.6375; 352.8143
846.4666; 2571.1980
666.8763; 2027.0759
996.1030; 3025.5889
341.1733; 1039.3823
937.8034; 2847.6318
71.4589; 225.5353
217.0245; 664.2186
518.3925; 1578.6584
804.7704; 2445.1123
222.7214; 682.3989
821.4359; 2493.5435
552.0368; 1679.9910
181.5921; 557.3105
910.1719; 2765.1655
731.1347; 2219.6482
110.2022; 340.2169
713.3355; 2166.8579
342.2619; 1043.6171
425.4857; 1295.3188
68.8689; 214.8521
344.0137; 1049.1635
408.9380; 1247.0129
182.0536; 559.7819
20.5097; 69.6033
244.5775; 746.8508
896.7706; 2724.3728
831.4747; 2526.9136
383.1488; 1167.0775
993.2461; 3015.3328
979.3799; 2975.2473
502.5028; 1527.6936
891.5630; 2708.6394
762.8280; 2318.6753
608.7907; 1851.6671
19.1692; 64.5499
175.2219; 537.6086
31.0858; 100.6823
248.9069; 760.4843
952.9924; 2894.1443
376.6521; 1148.3801
443.7912; 1350.4033
768.5217; 2334.3931
642.8102; 1953.8997
899.5300; 2732.2700
60.1287; 190.3891
506.9107; 1541.1240
576.8245; 1753.4091
768.6898; 2334.9204
987.0818; 2996.6187
593.4034; 1806.6316
147.3811; 453.3925
851.0440; 2585.2886
589.4538; 1791.1429
791.2647; 2405.0830
381.9142; 1162.3258
209.5812; 641.0448
601.1120; 1827.5657
257.2639; 784.9465
961.5023; 2919.5110
262.2150; 801.8994
170.6564; 522.6000
500.9895; 1523.3571
833.1251; 2531.5105
874.7465; 2657.1863
412.1275; 1255.5431
658.3603; 2001.1769
654.0232; 1989.9231
971.0103; 2948.5684
478.3943; 1455.8928
713.1858; 2165.4417
872.0238; 2648.1807
20.2974; 69.9051
652.5207; 1982.6356
309.4429; 943.7538
252.5884; 770.9706
382.4878; 1166.2953
22.0804; 71.4169
769.0263; 2337.0190
90.7358; 281.5983
132.0364; 407.3588
434.8872; 1322.8436
994.6179; 3019.3208
532.2667; 1620.6992
618.5823; 1880.5283
245.5190; 750.7582
722.5027; 2196.8572
22.2037; 72.2542
466.4009; 1418.8677
986.3342; 2994.7864
800.6165; 2430.8535
40.4978; 128.9962
473.3459; 1439.6323
581.4672; 1767.2096
335.7977; 1024.9991
942.3413; 2862.3274
129.0562; 397.9501
716.4336; 2177.6396
798.0870; 2424.3110
52.5361; 163.8672
406.9240; 1239.7007
49.4612; 156.3654
354.6724; 1082.4720
49.5670; 157.2976
537.4265; 1634.8503
130.6491; 402.0570
228.9562; 699.1149
89.9626; 276.8033
388.3940; 1183.5524
847.6115; 2574.2930
444.1173; 1351.5033
629.3552; 1913.6189
806.4057; 2449.0884
74.8987; 233.2287
580.0216; 1763.8638
225.4041; 688.5411
620.0250; 1884.6664
557.2087; 1694.4878
696.7041; 2117.0259
129.1710; 396.4870
681.5744; 2070.3687
346.6855; 1057.5502
633.1834; 1924.7404
803.0728; 2439.8457
846.9866; 2573.0737
890.8525; 2704.5598
151.0237; 463.7237
911.5168; 2768.0278
660.0596; 2008.0320
977.9859; 2969.5454
577.3662; 1756.4818
554.8653; 1688.2426
519.5209; 1580.4788
415.1158; 1263.7848
9.7814; 35.9247
901.4158; 2738.0142
858.3228; 2608.5930
192.1581; 587.8245
439.8652; 1338.9337
893.0173; 2711.4883
836.8975; 2542.8997
727.2332; 2210.1672
711.0252; 2159.3054
171.3082; 524.5420
794.6634; 2413.9976
665.5630; 2024.7467
705.2812; 2142.9302
528.5483; 1607.9598
845.7349; 2570.3396
943.4297; 2866.4126
687.6165; 2091.8997
217.1763; 665.1734
842.4135; 2559.0852
376.2356; 1146.3575
357.2784; 1090.4929
450.4081; 1371.3792
507.3265; 1541.5770
348.0294; 1059.4712
571.4025; 1739.6945
374.5254; 1141.7677
646.6504; 1964.0331
329.7424; 1006.9338
472.8658; 1439.8910
127.4602; 393.7794
52.6951; 167.1197
907.7582; 2757.8975
512.3766; 1559.2145
781.1988; 2374.6792
945.2264; 2869.2100
880.3947; 2673.5168
452.7531; 1377.1003
106.2076; 327.5081
594.2805; 1807.9163
659.0962; 2003.4368
561.6212; 1707.2103
987.7231; 2997.2627
518.0993; 1575.4048
48.5376; 154.6320
587.7298; 1787.3350
133.6088; 411.4672
944.9020; 2868.5740
454.2017; 1383.5781
794.9937; 2415.7776
553.2940; 1683.0038
502.0982; 1525.7686
706.2392; 2144.5254
26.4969; 86.5919
993.8245; 3019.5266
175.0884; 537.6328
437.0785; 1330.9397
955.4600; 2900.8225
456.9801; 1392.6914
808.5080; 2454.4646
979.9717; 2974.9050
842.3683; 2559.1895
382.0773; 1163.3451
147.2932; 453.1868
835.0447; 2536.1084
842.9717; 2561.0647
776.9788; 2360.9722
698.1963; 2123.0657
874.3814; 2655.8250
564.7207; 1717.8702
785.5224; 2385.8198
323.9611; 986.6807
869.2408; 2640.6194
386.6844; 1178.0352
609.4506; 1851.8298
214.1208; 655.2000
457.5579; 1393.2655
918.6895; 2791.1636
799.1159; 2427.5686
397.3080; 1209.1006
494.4654; 1504.6141
544.2673; 1656.7188
195.1671; 596.5791
581.2481; 1768.8389
113.4011; 350.3274
106.1052; 327.6557
511.1024; 1555.3361
807.7754; 2455.9534
180.2819; 553.0927
636.6420; 1934.8481
493.5168; 1500.4086
95.6225; 296.3564
454.7446; 1384.2572
44.1249; 140.7626
587.7420; 1788.8357
566.4004; 1722.5878
676.6492; 2056.1948
204.1813; 625.5178
934.5543; 2836.8140
562.9146; 1713.2858
501.5359; 1523.6790
617.0197; 1875.8857
106.3517; 328.8599
241.8549; 738.9273
383.5155; 1168.8549
349.9726; 1066.6959
833.0048; 2528.2988
684.7620; 2081.7166
630.6734; 1917.8031
577.2207; 1754.0599
858.2082; 2606.3894
327.3469; 998.6116
774.9397; 2353.8938
716.5366; 2178.2878
301.4384; 920.3699
34.6710; 110.4965
517.1929; 1574.3010
148.3010; 454.5667
568.6474; 1727.3293
655.2082; 1992.3413
742.9128; 2256.8572
239.9799; 734.7868
288.4502; 881.5790
323.4332; 985.6052
779.8181; 2368.9136
735.2107; 2234.1189
103.0050; 319.7735
793.4956; 2409.9463
589.3924; 1792.2888
227.3415; 695.0190
634.7005; 1930.1382
924.4961; 2807.0669
288.2376; 879.7203
116.8327; 360.0166
711.5487; 2162.1599
514.6222; 1565.5297
787.3671; 2393.2739
328.1125; 1001.6809
919.2527; 2791.1687
687.6284; 2091.3203
759.2594; 2308.1531
892.0432; 2709.7888
242.4068; 740.1820
431.7198; 1314.9496
85.7492; 263.1502
25.5918; 84.0558
635.2955; 1930.5723
42.2632; 134.4770
37.5178; 121.1213
282.4794; 862.1732
451.7768; 1376.3772
190.0210; 582.5870
160.0493; 491.1609
652.5401; 1984.1246
347.9418; 1059.0815
414.8975; 1261.2635
466.1215; 1418.6451
23.6324; 78.9512
97.9804; 301.0271
104.6197; 323.3453
304.9069; 928.1362
406.9380; 1241.0049
627.7880; 1908.5775
500.6039; 1522.0303
670.7181; 2039.1088
299.8526; 916.7273
189.7979; 582.0933
607.9527; 1849.2775
697.3201; 2119.2668
557.8004; 1695.8418
929.5084; 2821.3066
791.7987; 2406.4231
78.2325; 243.8520
208.8307; 638.0400
476.6425; 1449.5459
593.9101; 1803.8716
319.6359; 975.8162
522.6917; 1590.0668
242.0782; 738.4236
569.3361; 1730.4896
326.9033; 996.9772
897.9633; 2727.7554
692.5512; 2103.6865
481.0884; 1462.6146
937.5659; 2846.1677
242.8603; 743.0781
708.1598; 2149.5413
742.9677; 2256.8933
452.0724; 1376.1537
643.5160; 1955.6938
900.8251; 2736.3535
113.5306; 350.8834
862.8489; 2619.6172
461.8332; 1405.8577
986.6783; 2996.9121
371.3529; 1131.7150
211.0183; 646.2664
918.4232; 2787.6348
399.8988; 1218.2000
887.1474; 2694.2939
689.5367; 2096.7412
709.3395; 2155.0024
709.5966; 2157.1558
286.8609; 875.5540
358.4806; 1091.6481
875.8842; 2658.6455
977.7842; 2970.1287
24.8132; 82.3361
409.0659; 1245.2919
800.7829; 2432.3374
127.5867; 394.1411
818.0199; 2484.5100
787.6400; 2392.0559
597.0435; 1815.9423
344.1337; 1048.9290
43.1070; 137.0322
627.1818; 1908.6479
529.5618; 1610.4946
716.2561; 2176.1064
41.0935; 130.3866
91.1708; 281.3283
927.2092; 2816.5823
419.7563; 1279.7543
620.0260; 1884.6553
969.6019; 2945.4351
464.9548; 1414.9594
657.6479; 1999.2102
271.1890; 827.8067
652.6939; 1984.0171
511.9372; 1558.2771
222.2810; 680.1433
586.8047; 1784.6930
562.7453; 1711.1682
983.8549; 2985.1633
262.9106; 802.1769
587.3057; 1784.9012
288.0491; 878.7838
692.5119; 2106.0806
454.5514; 1382.8704
346.0955; 1053.5067
497.2767; 1513.6798
752.4276; 2287.3621
674.2964; 2048.9971
945.7575; 2871.9297
190.4495; 582.3351
101.8391; 315.0668
328.3695; 1000.5943
53.4610; 168.5175
77.7922; 240.2614
847.4714; 2574.3745
825.4840; 2505.6328
693.6406; 2109.4338
404.8824; 1232.2687
165.2364; 506.8873
140.5468; 431.4589
971.6040; 2950.9175
804.5491; 2444.0068
444.1706; 1354.4430
829.9759; 2522.5303
145.1596; 446.7730
945.3129; 2871.5171
53.7161; 170.2218
411.9503; 1256.0845
887.2642; 2696.7324
377.9748; 1150.7369
678.9330; 2065.6482
547.7469; 1665.2306
342.6076; 1044.1005
337.6525; 1030.2540
157.8377; 484.2922
583.8757; 1773.3610
294.7133; 898.8696
518.3930; 1577.5313
613.6461; 1865.3610
486.0474; 1478.5883
403.1220; 1229.1997
843.2595; 2563.0173
256.6811; 785.6898
380.0078; 1157.6733
621.4231; 1888.4181
861.2425; 2614.6897
139.2447; 427.2391
857.0997; 2606.2056
931.3245; 2827.3203
505.9934; 1540.3113
992.0371; 3014.0671
195.3902; 596.6423
269.9005; 823.8820
179.5398; 549.0400
315.9407; 963.3510
596.6554; 1812.4666
50.4999; 158.5461
985.0264; 2991.2236
116.7053; 359.4933
626.3951; 1903.1459
228.0980; 696.3645
1000.3904; 3039.5168
99.8312; 308.9943
46.0245; 145.2319
818.7509; 2485.8071
148.5714; 456.1925
281.3439; 859.0449
500.6027; 1523.9137
154.0616; 472.5039
90.7766; 282.3694
148.2303; 454.9923
744.0382; 2259.0732
400.4261; 1218.3536
214.6431; 658.3961
950.3199; 2885.4734
897.1970; 2725.2039
964.4957; 2928.5137
914.6732; 2780.6257
913.4838; 2772.8647
768.1693; 2333.2292
92.4212; 287.7480
633.7263; 1926.1328
396.0932; 1205.6980
266.5699; 814.0754
635.9531; 1933.9070
533.3612; 1621.1753
284.6402; 869.9448
510.3041; 1552.3232
530.5529; 1614.8557
141.8663; 436.7971
1008.6718; 3062.2507
334.8981; 1020.9556
811.7699; 2465.3762
906.2585; 2752.2632
1001.6691; 3040.9385
469.2625; 1427.5480
221.8702; 679.2156
174.6478; 537.1393
644.0778; 1959.3522
359.4387; 1096.5032
577.3836; 1755.6361
973.1980; 2955.1074
91.8221; 286.3818
421.2897; 1283.3864
531.5183; 1617.2504
975.7865; 2961.4004
151.9142; 467.6549
214.9579; 657.1956
117.4921; 364.2145
845.2886; 2568.6245
629.7844; 1914.0051
889.3192; 2702.9832
92.2241; 284.9137
244.2266; 745.9632
89.7463; 278.5351
695.4012; 2112.4294
833.1763; 2531.0676
356.1224; 1087.1361
70.7702; 221.2208
697.9597; 2119.2444
102.3635; 316.6588
81.4373; 253.1971
810.9107; 2463.4500
402.4047; 1225.5292
549.6776; 1672.5912
362.6445; 1103.8766
301.7290; 921.5169
850.7858; 2585.0317
819.1248; 2486.2419
302.4236; 922.3753
872.7046; 2650.6726
602.5135; 1830.5695
885.9118; 2691.0435
661.2503; 2009.0272
267.0084; 814.8973
948.4880; 2879.5176
854.8735; 2598.0300
536.0168; 1629.4604
66.8831; 210.1329
936.9820; 2844.5381
360.6836; 1098.2874
952.2795; 2891.6084
938.1050; 2847.5969
362.2659; 1104.2113
816.0407; 2479.0291
154.2403; 473.5328
846.6876; 2573.3115
756.6089; 2298.9470
891.5341; 2709.9092
52.6079; 163.6928
589.2870; 1793.5601
801.9540; 2438.1816
964.4831; 2929.5227
58.3832; 185.4707
780.3656; 2370.0532
708.4726; 2152.5039
362.9826; 1106.3129
720.3350; 2187.8379
796.9176; 2422.8826
144.5810; 444.4081
238.3678; 728.2508
912.7191; 2771.3545
176.5188; 543.3092
124.8186; 384.4966
552.6045; 1680.1232
636.0982; 1935.4506
355.7403; 1085.0697
827.6402; 2514.7578
84.0343; 261.3069
28.1067; 92.5176
956.2298; 2904.1287
590.4684; 1796.3087
915.8812; 2782.7271
314.8342; 959.8259
454.2518; 1381.8151
730.7163; 2219.8560
511.9461; 1559.2443
899.1594; 2731.0591
530.0835; 1611.8552
619.9707; 1884.2985
974.9798; 2959.5996
211.0447; 645.3876
707.1889; 2148.4834
709.1927; 2154.4465
756.9499; 2300.4792
263.1125; 803.2888
593.4471; 1804.5262
496.1566; 1508.5903
234.4824; 716.7084
915.8619; 2779.5710
658.5020; 1999.4570
371.7916; 1132.8645
294.8136; 901.0846
825.4873; 2508.3733
426.4137; 1298.4537
544.8249; 1656.2236
248.1917; 758.8369
159.9415; 490.7254
193.9687; 593.1699
130.2501; 401.8393
605.9240; 1842.1394
917.9018; 2788.2905
189.5200; 581.6533
1001.0102; 3038.8245
980.0541; 2975.6140
1005.8207; 3053.3762
244.7649; 747.3716
845.4600; 2569.3083
27.3793; 90.3003
387.3971; 1179.9523
63.8315; 199.8344
55.1136; 172.9549
177.5787; 544.2364
517.8046; 1574.2974
227.2829; 696.2795
750.4240; 2281.5474
183.7879; 564.0059
998.2698; 3030.9150
308.3095; 939.4196
818.6884; 2487.3525
397.5224; 1211.2500
69.0632; 214.8312
369.5273; 1127.9629
354.2906; 1079.3003
843.3216; 2562.0662
272.4035; 833.2095
438.6309; 1334.3651
748.7258; 2274.2769
718.7113; 2183.6057
530.8222; 1614.0237
234.5012; 717.2578
429.4772; 1306.6979
517.0096; 1573.4648
530.3109; 1612.7278
762.9862; 2317.6660
336.6922; 1026.4479
525.8004; 1601.1561
371.2184; 1131.9318
286.3924; 875.2697
168.5976; 518.3085
994.5062; 3018.8057
344.1558; 1048.2595
126.7741; 389.5987
970.9120; 2948.2332
387.8769; 1183.1423
707.4828; 2152.7068
651.7974; 1980.0005
245.9260; 750.5996
387.9287; 1182.0099
625.8539; 1903.1975
14.2972; 51.3202
41.2208; 130.9819
988.4567; 3000.5593
979.6099; 2973.8152
647.9666; 1970.7208
792.1140; 2408.4795
912.6179; 2772.9263
762.1896; 2317.2185
613.9546; 1865.6199
566.0116; 1720.5786
623.9523; 1896.9844
68.9774; 213.7097
694.7486; 2112.8760
727.7153; 2211.8335
558.8903; 1699.1809
813.6078; 2471.5625
714.1219; 2168.9954
162.8719; 501.1503
430.5012; 1312.0339
826.0851; 2511.1455
572.5973; 1740.8551
995.0838; 3020.6746
136.4475; 421.2202
682.8094; 2076.5603
773.5144; 2350.5403
354.8659; 1082.0612
587.7586; 1787.6798
382.6343; 1164.9290
811.0317; 2463.4966
555.7870; 1690.2997
428.3657; 1305.6012
201.4859; 617.6765
124.9365; 385.5499
660.3917; 2006.9476
744.2594; 2263.2493
351.6765; 1072.4017
309.9174; 946.1118
169.0419; 518.4578
1003.3251; 3047.1296
294.6899; 899.0383
629.9555; 1915.4774
686.0816; 2083.8445
781.7187; 2375.7356
924.8151; 2806.5598
17.4600; 59.8003
313.0560; 956.4207
94.2256; 290.4374
169.5727; 520.1251
976.4546; 2964.3367
887.2863; 2694.2590
872.7484; 2652.1953
53.2951; 165.9400
261.5969; 798.3821
850.8112; 2585.1482
587.5173; 1784.9176
508.5002; 1547.1135
641.2918; 1949.3542
372.2552; 1133.5605
561.9520; 1709.5010
691.9329; 2102.2979
177.2490; 543.8730
760.3632; 2309.3320
306.7563; 935.9920
112.1368; 346.7685
246.7741; 755.1651
574.2095; 1746.8420
778.4876; 2367.5510
360.6282; 1099.5072
283.3669; 864.3313
440.4167; 1339.2649
426.7645; 1300.0887
24.3774; 78.7588
464.6114; 1414.6162
662.8508; 2015.0795
139.9292; 429.5313
343.0462; 1045.2024
191.4854; 585.1083
110.5250; 341.3497
687.9252; 2090.2256
130.6681; 401.9697
538.3305; 1636.6028
733.1353; 2227.8362
268.3184; 817.4351
726.5446; 2208.0752
218.2120; 667.3405
191.2911; 586.7066
181.0033; 556.3513
765.0976; 2323.9973
979.8390; 2974.9736
680.1652; 2066.6611
117.3128; 363.2794
510.1321; 1551.9626
514.8610; 1567.9717
513.5492; 1561.0165
161.0124; 495.1594
25.4917; 84.9197
953.4354; 2895.6960
95.4342; 295.8051
142.1867; 437.5020
427.5269; 1301.3323
176.5803; 540.0624
186.4935; 572.1152
262.6150; 801.6237
888.6259; 2699.5398
667.0423; 2028.5585
85.7376; 264.5675
939.0038; 2854.0059
388.8019; 1184.3761
486.2381; 1477.9800
737.9129; 2241.6030
602.1097; 1827.2189
906.9879; 2755.5320
486.1356; 1479.0756
81.7737; 253.1430
515.9359; 1571.8979
731.5396; 2223.1978
413.9642; 1260.9816
363.8659; 1108.5646
1006.0789; 3056.6350
522.5197; 1588.8552
593.6159; 1804.9930
200.3075; 614.9664
1002.3508; 3043.1870
652.5132; 1982.4712
284.5930; 869.2925
449.8914; 1367.5160
66.3175; 207.0438
314.0811; 958.3754
925.6769; 2810.9617
970.4720; 2947.6316
933.3885; 2834.6812
343.1130; 1044.9077
775.3938; 2353.8491
601.0993; 1828.6245
255.3824; 779.8282
744.0098; 2261.3237
378.0646; 1151.0825
316.7004; 966.9996
901.3557; 2738.8594
859.8572; 2612.4446
430.8355; 1311.0289
674.1853; 2049.7952
823.1468; 2498.5942
264.0201; 805.2710
429.8744; 1308.1205
331.1441; 1009.6608
935.4988; 2840.6243
656.9491; 1997.1477
528.9871; 1609.3796
741.0463; 2254.0554
700.9393; 2131.2080
683.7971; 2079.1633
720.1882; 2190.6570
862.0176; 2618.7100
625.6426; 1901.9722
979.4800; 2974.1262
131.9690; 406.6799
211.1599; 645.6617
265.2815; 811.6557
117.0791; 362.2349
912.0812; 2768.8638
762.7238; 2316.8071
650.0026; 1975.8148
519.6032; 1580.3810
208.1957; 636.9907
274.5840; 838.3890
1001.6274; 3041.4038
956.6631; 2905.4321
632.1209; 1922.2505
305.3242; 931.6804
445.5915; 1354.9156
630.3190; 1917.2855
970.6985; 2947.6956
270.6996; 825.5212
724.3543; 2199.7490
16.8654; 58.0700
599.1417; 1820.9095
310.6058; 947.6202
64.7734; 202.6252
114.3771; 353.4100
884.8073; 2686.7192
421.6737; 1283.3524
521.5438; 1585.7531
985.6765; 2992.3989
894.3342; 2714.4045
159.6833; 490.5803
372.5515; 1135.9187
932.8715; 2834.7988
589.0703; 1791.3989
238.2692; 727.9468
578.3276; 1758.0653
182.2408; 559.8469
324.1213; 989.4263
832.7932; 2528.6409
451.0656; 1372.6367
425.2668; 1294.5636
665.7709; 2022.8582
917.6843; 2788.8257
308.1366; 939.1714
93.3870; 289.6671
798.9954; 2427.8628
859.4219; 2610.4592
590.7658; 1796.8630
572.0824; 1740.0671
77.1515; 239.5894
354.6085; 1081.0220
852.5911; 2588.4871
103.1835; 317.6851
747.6079; 2271.0581
714.4089; 2170.2253
952.0242; 2890.8853
50.0100; 158.1124
355.6554; 1086.7638
101.9231; 314.8294
486.5275; 1480.1647
865.4338; 2628.9988
219.6383; 672.2372
1005.5501; 3051.8772
960.9521; 2918.6174
935.1548; 2840.6345
443.9731; 1351.8547
9.5925; 35.8189
322.5168; 982.6878
796.6429; 2420.1091
868.3943; 2637.2654
244.9824; 749.5311
624.2341; 1897.2847
831.6004; 2526.2585
920.7881; 2796.4907
979.7593; 2974.6538
630.9424; 1918.6184
1007.7632; 3058.2532
551.8065; 1678.1656
669.3957; 2035.2561
792.3277; 2407.3328
163.5109; 503.1394
774.6024; 2352.9558
378.4411; 1151.2473
525.0589; 1595.7944
662.2572; 2012.9320
904.4142; 2747.0237
562.2736; 1709.3750
978.9127; 2970.7200
354.7958; 1081.4625
564.6680; 1718.0153
239.5200; 731.2604
440.8928; 1342.2717
118.5147; 363.9948
119.4427; 369.1734
44.3198; 140.1364
306.1819; 933.8292
647.5119; 1969.8481
328.7671; 1001.4008
122.5389; 379.5485
61.7671; 194.4224
134.3394; 412.6173
638.3345; 1941.0511
437.5808; 1333.0358
59.8736; 186.6213
1003.9354; 3048.0298
761.5192; 2314.3303
356.1363; 1085.2638
891.9583; 2707.7097
199.7125; 611.5252
778.0375; 2362.9292
117.2591; 362.0263
45.0394; 141.9353
497.3580; 1513.9861
318.6564; 971.5685
725.4680; 2204.5647
370.1711; 1129.2777
116.3427; 359.0114
747.0541; 2271.4995
694.2845; 2109.6284
491.9770; 1498.0726
526.4907; 1602.7845
901.5490; 2736.1143
360.5823; 1097.9558
782.0160; 2375.9001
628.1446; 1910.1389
117.3104; 362.3278
511.0235; 1556.2507
368.8620; 1125.4323
1005.4091; 3053.7932
89.9689; 276.9362
13.7794; 49.1288
519.3646; 1581.3448
234.2757; 715.6332
373.4902; 1137.3370
794.7477; 2412.1111
451.2216; 1372.4795
152.9588; 469.0949
674.4148; 2049.6357
293.6905; 897.0580
479.5724; 1461.5343
891.3367; 2707.8801
896.8654; 2723.6697
726.8471; 2208.7175
284.4482; 867.9098
87.7630; 273.2099
730.3364; 2219.6086
238.6641; 730.2076
550.0550; 1672.2831
85.1975; 265.3541
32.4929; 103.4499
38.4764; 123.4938
369.5787; 1127.2761
517.4878; 1575.4066
433.2292; 1317.5814
675.7603; 2053.2048
676.3002; 2055.3501
348.7472; 1065.6742
852.1611; 2588.7493
384.2490; 1170.0880
33.8162; 109.4050
885.2426; 2687.4126
421.2542; 1283.4998
275.0789; 840.1324
912.4232; 2770.3669
961.5322; 2919.8230
296.3067; 906.0492
360.5095; 1098.6841
995.3705; 3022.8003
346.8936; 1056.8293
898.5005; 2728.0691
307.3366; 938.8471
789.0193; 2396.1133
564.3161; 1716.6409
466.0784; 1417.4075
680.4724; 2068.2524
583.7611; 1775.3402
217.9428; 666.6338
844.3405; 2563.3938
741.0303; 2251.3142
54.2333; 172.1757
91.0983; 282.0746
289.4690; 883.8032
517.8424; 1574.6700
398.6298; 1215.4741
156.4464; 478.9366
50.0655; 156.6676
751.2405; 2283.4375
728.5410; 2216.5334
81.2804; 253.4234
540.6789; 1645.2063
206.4066; 631.5222
418.6532; 1275.4176
341.7052; 1042.8707
813.0737; 2471.1240
873.3536; 2653.0957
969.6557; 2945.0281
370.2070; 1127.7463
875.9795; 2659.4978
743.6628; 2258.1899
688.5898; 2093.1250
531.5902; 1617.7454
501.3791; 1524.7701
123.3511; 382.3648
872.9110; 2650.8174
646.1336; 1965.3212
138.3013; 424.9376
852.5880; 2588.6194
279.6641; 855.2574
433.4183; 1319.9425
652.6456; 1983.9022
925.9871; 2813.3687
19.9580; 64.7866
385.9767; 1176.8926
550.7061; 1675.9591
569.7611; 1733.0271
453.3466; 1379.0011
742.9737; 2257.6941
832.5268; 2529.4600
886.6830; 2693.5439
175.7852; 539.5914
461.8406; 1406.3076
958.3198; 2911.1025
436.1666; 1327.4031
291.5964; 889.8555
738.8728; 2244.4819
682.9290; 2075.9797
320.1324; 976.4664
926.8192; 2813.2783
144.5431; 442.8061
543.8468; 1654.0034
590.5771; 1796.8409
670.1422; 2035.1464
645.4063; 1961.7374
918.9429; 2789.9363
129.2138; 399.1944
455.2829; 1385.6497
359.8074; 1098.2762
880.8565; 2674.1084
215.1692; 657.8699
290.8714; 886.6548
540.7025; 1646.2715
868.3720; 2637.0386
704.1640; 2139.2937
747.8899; 2273.0166
155.6825; 476.8967
792.3003; 2408.8340
97.7743; 300.2452
172.4007; 528.6090
328.9324; 1001.7396
397.0595; 1210.7230
536.5011; 1630.0356
421.8833; 1284.3406
254.8188; 779.2319
223.9036; 686.1879
467.8486; 1424.3727
869.4104; 2640.3757
161.1604; 494.0402
991.0910; 3008.8115
684.9112; 2080.9761
70.0779; 218.7478
714.9634; 2173.7681
897.1744; 2724.5332
863.7645; 2623.2292
590.0940; 1792.8425
626.7754; 1904.6704
596.9183; 1814.6245
228.0985; 696.5535
682.5642; 2075.4224
578.0904; 1756.5709
12.3364; 44.1498
806.7725; 2451.6257
157.8670; 484.3286
189.6796; 581.6698
783.1102; 2378.9404
421.2989; 1283.6306
267.0282; 815.5485
496.0832; 1509.1222
444.3122; 1354.6273
787.9470; 2394.1570
551.7302; 1678.4375
614.6714; 1870.7338
939.9422; 2853.6353
652.6646; 1983.3660
115.5226; 356.6483
986.7053; 2994.5710
528.9614; 1609.7582
148.1631; 456.1533
781.9516; 2376.0825
690.1729; 2097.8425
929.6465; 2823.4780
230.5003; 703.5168
344.1065; 1049.9506
860.7232; 2615.1899
308.8707; 941.1167
316.3984; 962.7881
669.2747; 2035.0372
832.5393; 2529.8345
707.6049; 2151.0806
725.7272; 2205.8645
229.9669; 701.9013
569.8882; 1733.8337
220.4810; 672.1519
773.4687; 2350.2112
912.9542; 2772.5808
883.0922; 2682.3850
683.7611; 2077.4460
72.1720; 226.4409
313.8224; 958.5038
1004.2673; 3049.5354
300.4127; 915.5265
614.6723; 1867.6525
589.0440; 1791.9647
879.8511; 2671.3191
707.1486; 2148.2407
331.9451; 1013.1607
226.0267; 691.4842
25.7909; 85.1917
398.2604; 1212.7289
875.2726; 2659.1426
450.6559; 1371.4503
809.2487; 2457.8901
213.7574; 656.3191
705.7829; 2146.7009
475.3170; 1445.6666
47.0452; 145.6837
327.0780; 998.2675
987.1996; 2997.4539
77.2338; 242.2799
327.1343; 998.6346
856.5914; 2601.8655
121.6010; 375.5479
661.2628; 2010.2318
702.8542; 2133.8513
783.0683; 2378.6331
206.2294; 632.1045
170.4338; 523.4584
303.8805; 928.8055
247.8289; 758.7148
596.4339; 1813.6769
833.2969; 2529.3145
918.1483; 2788.5054
355.9158; 1085.4070
442.9364; 1347.8126
884.8856; 2683.7388
728.0733; 2211.7068
411.3774; 1251.9851
920.3306; 2796.1116
999.0841; 3032.9365
409.0431; 1246.4603
471.7075; 1432.2313
686.3303; 2085.9333
262.9700; 802.7156
166.6972; 510.6480
518.1672; 1576.8253
999.7025; 3035.1238
519.9448; 1581.5518
135.4335; 418.3526
525.3837; 1597.9786
112.3291; 346.0840
837.4629; 2545.0315
310.2541; 945.4108
482.0916; 1467.5986
879.6782; 2672.7258
425.4727; 1296.6342
362.8316; 1104.2040
713.4419; 2169.1409
724.3624; 2201.3384
872.6187; 2651.5840
204.3089; 626.6731
889.4848; 2702.1106
681.0383; 2070.8608
280.6895; 857.1868
96.5542; 298.6873
826.7080; 2511.6948
877.0261; 2664.3840
240.6366; 736.3619
487.8183; 1483.7618
47.2192; 150.6792
279.8220; 853.8334
880.4544; 2673.2107
439.6295; 1337.9495
487.7191; 1483.8546
119.3945; 367.6939
124.2412; 382.6750
878.9758; 2671.1135
263.3898; 806.8510
883.6379; 2683.1267
240.9724; 736.7134
817.0135; 2481.2375
636.2969; 1935.9208
190.9421; 585.3869
353.1787; 1076.9827
114.4759; 351.5852
69.1543; 215.7632
785.6710; 2386.0339
262.5678; 801.4485
308.4162; 941.4211
612.2575; 1861.3268
690.1681; 2097.7793
528.7912; 1609.9902
388.6704; 1184.6210
403.2768; 1231.3931
423.6809; 1290.2579
90.6725; 280.8829
480.0869; 1460.5275
446.9873; 1363.2885
994.2318; 3019.4502
628.8827; 1912.1025
248.0211; 758.5364
799.5266; 2428.6165
848.6858; 2576.5869
856.9688; 2601.5552
548.5225; 1668.4846
205.1568; 628.3655
994.7292; 3020.3489
896.1302; 2721.2747
71.3710; 222.0359
699.2547; 2125.1067
541.4840; 1648.0072
27.0063; 89.2670
235.4154; 720.4033
461.1086; 1401.8779
275.3092; 841.3143
494.6955; 1504.3877
531.3310; 1615.5746
942.2137; 2862.2053
235.2566; 719.0421
754.7282; 2292.9021
974.3146; 2957.4561
285.7798; 871.7901
722.3444; 2195.3176
431.5092; 1313.4213
234.4737; 716.9102
463.2457; 1410.0234
745.6569; 2265.3250
1004.3876; 3047.7993
440.3009; 1341.7832
781.6802; 2375.7690
210.0245; 641.9469
48.5617; 153.4368
476.9287; 1451.7023
277.0229; 845.2443
819.9915; 2491.7078
231.5232; 706.9135
854.9558; 2597.4583
793.9629; 2410.3865
696.1359; 2115.3835
914.8920; 2778.6814
560.5335; 1705.8691
406.5348; 1236.0718
987.0660; 2997.3894
943.0114; 2864.8147
93.0704; 286.8558
663.7874; 2018.3636
102.6250; 316.6890
782.4456; 2376.8535
24.7580; 81.6001
163.4363; 501.0134
883.2994; 2682.9473
697.2561; 2119.3030
399.2942; 1218.4374
832.7263; 2529.1719
255.0887; 779.7411
45.0337; 144.6639
724.8224; 2201.7971
302.5146; 921.0745
400.2756; 1219.0773
367.6409; 1120.0103
463.4297; 1411.9161
333.0402; 1014.3473
705.5695; 2143.8667
452.7842; 1379.2465
764.6054; 2323.0486
940.2542; 2856.0669
816.9768; 2481.8359
232.4098; 710.6813
486.1380; 1480.5381
670.0570; 2037.8539
722.6015; 2195.9302
272.8289; 831.3531
267.0604; 814.9865
53.4422; 169.5857
137.8436; 424.1219
970.3787; 2946.7063
394.0763; 1198.0017
135.8454; 420.2015
415.9224; 1266.6617
833.2272; 2532.5200
619.3802; 1881.7047
222.1489; 679.8281
853.4475; 2592.9138
62.8758; 196.4955
95.3039; 293.4224
207.7103; 635.1909
965.9850; 2933.9963
784.4434; 2384.1270
45.4147; 144.0462
623.6368; 1896.1216
295.7364; 901.7741
539.6262; 1640.0413
93.2970; 289.1424
546.2229; 1661.6484
918.5375; 2789.8779
474.1027; 1443.2928
403.0825; 1227.9417
932.6183; 2831.3845
299.5433; 911.3580
322.1299; 981.2635
23.6735; 78.6799
515.2201; 1566.5753
910.7214; 2765.9792
889.8002; 2700.9514
659.6682; 2005.3416
624.4900; 1899.1045
857.4659; 2605.3696
317.7389; 969.3038
763.5524; 2320.2251
702.4894; 2136.6858
144.5022; 444.1097
619.3921; 1883.5404
185.3056; 568.1443
19.6869; 66.2588
380.8813; 1159.7294
378.7923; 1152.7474
211.8390; 648.2792
831.4460; 2526.3149
208.8966; 638.9569
918.0987; 2788.1753
224.2617; 685.2729
588.3789; 1788.8091
39.7998; 127.0701
1000.2213; 3036.2070
458.8942; 1397.2078
741.5506; 2252.5344
953.2203; 2894.4390
955.0052; 2899.7246
189.4907; 582.3458
154.9983; 476.7177
729.5113; 2217.2168
553.8563; 1684.8256
815.5439; 2478.1987
579.7454; 1762.3240
621.7362; 1890.3654
962.8677; 2924.7729
638.4923; 1940.8724
633.8130; 1926.8844
522.8981; 1590.1865
411.9028; 1253.6284
245.9396; 751.9216
916.8079; 2783.2930
796.9275; 2420.5955
70.4278; 219.3942
317.9943; 970.5815
322.2382; 984.3156
353.3845; 1075.6677
52.6605; 167.9814
841.3831; 2555.8420
184.1190; 565.6783
1003.3295; 3046.7197
577.4995; 1756.7415
576.4747; 1752.9358
541.6582; 1647.0616
92.6070; 285.8593
257.3917; 784.0527
701.0273; 2131.2002
91.5951; 283.6377
839.8451; 2550.8108
536.9121; 1634.1827
362.0608; 1103.0688
252.7486; 774.7036
153.8925; 472.2975
26.0475; 86.9307
857.2784; 2604.3794
321.8409; 980.7380
22.3615; 73.1337
134.2211; 412.2764
663.0772; 2014.8529
213.9062; 655.1309
810.1438; 2460.6414
786.8802; 2389.1914
761.0295; 2312.2012
855.8732; 2599.0273
437.7556; 1332.1880
182.5718; 558.2917
49.5402; 158.6935
57.5894; 181.4105
347.4925; 1059.3677
778.0426; 2363.9719
733.1989; 2228.1624
796.3950; 2418.6218
763.9190; 2320.9536
378.0091; 1151.4343
1006.6982; 3055.5378
658.1786; 1999.9430
865.1237; 2629.1831
811.9683; 2467.3733
917.1796; 2785.3955
689.4121; 2097.4856
29.9414; 97.4945
45.0207; 142.1354
739.4756; 2246.8093
764.5209; 2323.2139
188.6859; 578.5062
792.7913; 2409.7085
672.7725; 2046.4097
61.6584; 193.5683
197.0454; 602.2871
478.3674; 1457.0066
571.5877; 1738.4938
485.3182; 1477.9553
567.8075; 1728.0546
289.9878; 884.4093
670.8337; 2037.5574
501.0136; 1523.1697
926.7866; 2812.7703
458.2297; 1394.6934
446.7040; 1359.4712
231.5146; 707.9557
321.6599; 981.8224
774.6637; 2352.8169
414.7536; 1262.8506
200.0377; 612.8991
192.1862; 588.6825
985.7505; 2993.8972
756.2947; 2298.3584
629.0846; 1912.1207
408.5542; 1245.8531
217.4355; 665.5748
487.5300; 1482.7631
776.5944; 2359.3296
576.7283; 1755.4795
244.6272; 748.5541
715.6049; 2175.1792
861.0779; 2614.2087
47.3638; 148.9415
139.0254; 427.6078
335.8811; 1024.0449
741.5935; 2252.1885
213.3519; 653.7284
580.3482; 1766.7854
901.1454; 2735.3484
519.3646; 1581.0607
396.5834; 1209.3320
392.8457; 1195.2639
680.2957; 2066.3464
399.9337; 1219.9784
165.4762; 506.5030
157.6794; 483.3994
504.7637; 1535.9899
687.9243; 2088.7617
869.7768; 2641.7625
311.3248; 951.1458
457.9079; 1394.1223
992.6442; 3013.8872
993.3102; 3015.4561
290.5272; 883.9930
629.3437; 1914.4283
314.7723; 961.2159
1006.0114; 3055.4819
786.8504; 2389.7832
810.1295; 2462.5615
430.6273; 1310.2684
875.0768; 2658.8010
48.2818; 152.6540
627.6296; 1909.1230
290.2709; 886.1813
905.7615; 2750.7195
768.2217; 2333.8962
428.4543; 1303.5107
671.1612; 2039.9128
16.6921; 56.3608
717.5988; 2180.8997
984.9844; 2989.8020
512.3174; 1557.4980
906.4588; 2753.8557
986.6984; 2995.0681
323.5400; 985.9739
971.7188; 2951.9146
857.7045; 2606.9526
962.5010; 2921.7534
301.9680; 921.2644
151.0715; 464.5701
368.5020; 1122.3079
292.2305; 890.4777
752.0955; 2285.8870
454.7696; 1382.9807
30.3429; 97.4984
475.4856; 1446.6520
876.3738; 2661.5059
308.0643; 939.0311
33.2292; 107.7247
525.3598; 1599.1432
432.5219; 1316.8854
223.0154; 680.5232
397.6877; 1211.3853
651.9863; 1982.5715
556.8470; 1693.7527
839.0657; 2551.2375
975.6634; 2961.9722
506.4183; 1541.7306
657.9487; 1999.6754
997.7817; 3031.0081
32.0036; 103.8263
701.0297; 2131.0610
131.7688; 405.5950
771.5844; 2344.4260
200.7275; 611.8063
836.6985; 2540.6497
316.3441; 966.1788
734.4449; 2232.2673
401.7656; 1224.6484
996.5953; 3027.5728
43.0940; 138.2371
961.0908; 2919.7258
885.7572; 2690.6980
227.8164; 696.2069
197.3380; 606.5642
950.1959; 2886.5083
147.3669; 452.7568
190.1931; 583.6995
142.5280; 439.0761
85.7494; 265.9287
246.0462; 753.9651
929.2319; 2822.4265
782.3595; 2376.8232
565.8865; 1721.4293
286.7163; 875.6358
457.8451; 1394.0153
450.7027; 1372.5745
368.6062; 1121.5459
181.8076; 557.6674
164.1861; 505.2307
133.6367; 410.7220
975.2878; 2960.7595
1002.3912; 3044.0952
942.0688; 2859.5793
168.7885; 517.1863
413.3451; 1257.4409
793.4599; 2411.8984
136.5086; 419.4615
61.6132; 193.1122
491.2148; 1494.9294
855.2750; 2597.0422
921.3731; 2798.7141
21.1336; 69.8100
345.9176; 1054.7582
999.5937; 3035.0835
898.5715; 2730.0332
219.9835; 672.3397
645.3484; 1962.7671
1007.1718; 3058.4495
871.3704; 2646.5393
98.1807; 302.5798
104.8738; 323.6127
625.6641; 1902.0254
972.7292; 2953.9722
773.6354; 2351.2305
13.3189; 47.2825
575.3416; 1750.3348
867.6990; 2636.7954
60.4653; 189.9073
642.1696; 1952.2466
672.1189; 2045.3306
607.8947; 1848.7822
403.3333; 1229.3271
545.2779; 1660.5123
898.5034; 2727.9365
552.4092; 1679.9680
904.3384; 2745.0776
77.0566; 240.0412
102.3267; 316.7913
405.9827; 1235.1173
741.5281; 2254.7534
514.1155; 1565.4357
67.4127; 211.6326
229.6406; 700.5391
98.2628; 303.0874
946.0822; 2872.9299
956.9202; 2906.4978
543.6485; 1654.5090
68.0689; 212.3284
290.4252; 887.1020
944.5726; 2869.0781
422.8669; 1287.4238
818.7475; 2487.0686
68.0005; 210.6908
883.2478; 2681.5479
927.6576; 2818.2200
823.9802; 2504.1733
844.3790; 2562.5488
238.4689; 729.8694
57.0362; 178.9169
905.9897; 2752.5710
449.0589; 1365.7100
122.5212; 378.5555
861.6270; 2617.5864
497.4739; 1513.0909
59.3994; 187.2009
678.3979; 2063.1038
426.5564; 1297.7175
17.5208; 59.5957
685.0301; 2082.8865
870.8314; 2646.6914
497.5597; 1513.6664
549.0241; 1669.9539
966.9445; 2936.4805
631.8605; 1919.9469
555.8365; 1692.9102
265.9895; 813.8303
372.3282; 1136.5167
671.8693; 2042.1072
751.0963; 2282.9924
147.4667; 453.1984
153.7571; 472.0627
391.2172; 1191.1229
30.2386; 97.9273
127.2183; 390.8917
198.2248; 607.2889
490.7851; 1493.8055
828.2047; 2515.4429
362.0715; 1102.7592
813.4903; 2469.8589
354.4153; 1080.6772
275.1991; 840.8964
648.2799; 1971.4471
421.7455; 1283.8862
950.7720; 2887.6216
411.6766; 1252.3770
655.2866; 1992.9644
722.5470; 2195.8301
151.8935; 467.8661
750.9381; 2282.0330
291.9155; 890.9218
254.3609; 777.5616
148.9239; 458.4609
612.7000; 1863.1299
238.6470; 728.3408
595.6851; 1811.9272
489.0641; 1488.1978
100.9671; 311.4666
830.9699; 2525.5620
882.7568; 2680.9377
603.8473; 1835.6234
690.8143; 2099.8894
972.2687; 2952.6067
391.8282; 1194.6501
717.7537; 2180.4397
721.3069; 2190.6707
483.8205; 1472.6611
1003.5912; 3047.5237
87.0696; 267.7030
491.7294; 1496.3448
182.2611; 556.9103
101.1148; 312.2522
394.7416; 1202.6230
73.0602; 228.4896
465.1665; 1415.0211
970.5629; 2947.0625
808.0307; 2454.3540
392.9464; 1199.0623
446.5063; 1360.2614
823.2088; 2501.4751
72.8582; 226.2749
476.1769; 1449.9851
922.9753; 2803.1604
203.5488; 624.7189
1007.3246; 3060.1382
59.2171; 186.0675
839.4410; 2552.3250
848.7989; 2578.8579
756.5393; 2297.3401
174.5568; 535.7204
975.7015; 2963.6201
998.3128; 3031.9021
531.7492; 1618.4194
944.5488; 2868.2756
289.3170; 883.9628
628.1045; 1908.8320
406.9505; 1239.4788
407.7540; 1242.9595
730.5713; 2220.3003
128.5377; 395.7193
389.4560; 1187.1674
828.7357; 2517.5950
933.8836; 2835.3711
472.7587; 1437.4978
898.8203; 2730.1584
210.5609; 643.9169
360.1258; 1098.7317
981.1354; 2977.5522
958.9249; 2912.5317
22.4071; 74.4791
15.6454; 52.6199
141.9627; 436.7562
514.8782; 1563.8409
614.7240; 1868.7783
686.4128; 2086.5713
608.7707; 1851.9435
882.4570; 2678.6545
526.6077; 1602.1379
283.4866; 863.6118
602.5233; 1834.1777
324.5615; 989.3380
250.9168; 765.8194
504.0868; 1533.2408
796.6712; 2421.8135
767.5701; 2330.7888
124.7763; 384.2130
108.3516; 334.3811
483.6732; 1471.9889
76.8006; 239.2201
927.8685; 2819.8699
693.1761; 2108.1133
469.3541; 1430.5339
463.2828; 1410.0626
1001.3605; 3039.2043
175.8170; 538.0272
39.3852; 126.3881
328.2795; 1001.6531
802.7767; 2438.5715
362.5911; 1107.4281
994.7343; 3021.6497
968.7044; 2941.3430
165.7749; 509.1152
549.8178; 1671.6599
747.8058; 2270.4021
883.4091; 2682.7500
111.7017; 345.6241
646.5778; 1963.3176
114.7589; 353.5703
955.8691; 2902.4717
418.3533; 1273.9692
844.3132; 2566.3699
840.3369; 2553.1516
198.1918; 606.9083
669.7548; 2037.3267
743.6958; 2257.8491
719.7334; 2186.0198
280.8807; 857.4951
287.3567; 877.0449
516.1511; 1570.2043
997.0598; 3026.3486
863.7808; 2623.2227
728.4100; 2215.9116
929.9573; 2824.3037
145.3813; 446.5284
154.0231; 472.8931
402.7122; 1225.5889
629.7336; 1915.1139
146.1600; 447.9913
257.2829; 787.4201
308.7139; 942.1484
576.0838; 1752.4327
299.9234; 915.2202
440.4446; 1341.7869
931.6345; 2829.6418
124.3209; 383.5130
216.9933; 664.3798
265.8094; 809.9623
149.5636; 459.2158
419.7952; 1278.3552
399.3526; 1217.3475
721.9311; 2191.9534
66.4716; 207.6277
963.5247; 2925.2258
286.3101; 873.6348
310.2616; 946.8976
873.3915; 2652.0608
66.3211; 207.7233
266.6556; 815.3221
674.2162; 2048.7217
1002.5909; 3044.3230
680.8763; 2070.5254
795.6487; 2416.8159
433.7033; 1319.4414
492.2570; 1498.8843
656.3198; 1996.7579
756.9796; 2302.6487
870.8421; 2645.9595
945.3140; 2870.6792
906.1766; 2752.7148
359.6116; 1096.7897
287.9273; 878.7892
242.0334; 738.1030
511.6999; 1556.0449
241.9157; 738.0330
694.7193; 2110.7285
217.2705; 663.3969
737.2725; 2239.6160
806.6751; 2451.1611
412.6709; 1256.0795
896.1891; 2722.8179
380.5370; 1160.0059
572.4283; 1740.3387
631.9499; 1922.0216
450.0213; 1369.3336
139.7747; 429.6469
17.5861; 60.5406
471.6813; 1435.0743
461.9961; 1406.0397
639.7784; 1944.8689
118.8784; 365.8408
241.6262; 738.9881
853.2659; 2592.1663
960.8621; 2918.8472
68.2283; 215.2767
906.8272; 2755.3958
755.9661; 2296.1060
606.3023; 1842.0610
32.1976; 103.9416
783.1215; 2377.8833
201.6421; 617.4944
331.9056; 1011.4627
100.0661; 309.5790
406.6030; 1236.6467
189.9872; 581.5112
895.1541; 2718.9695
504.8177; 1534.6047
780.9239; 2373.5374
28.6832; 92.8903
851.7200; 2587.7793
279.3329; 852.3935
248.6242; 760.0206
111.5698; 343.7303
116.4841; 360.8407
990.2764; 3005.5271
667.4701; 2028.1797
474.7180; 1444.0325
324.8954; 990.4241
499.5649; 1519.9677
643.2308; 1955.5402
957.2991; 2907.3569
688.7062; 2092.3618
477.5263; 1453.3445
757.6255; 2301.8872
258.7495; 789.5609
846.1538; 2570.3174
19.2179; 64.1083
946.3424; 2873.6018
228.8973; 698.2455
296.8755; 905.6469
581.3402; 1767.4280
340.2818; 1038.0576
697.3366; 2120.2271
18.2487; 62.5066
250.8508; 768.5710
73.3335; 227.9212
421.6815; 1284.2997
754.8412; 2293.3032
720.2927; 2190.0244
17.0918; 59.2934
970.5868; 2947.1780
144.9967; 447.0599
791.9395; 2406.4966
683.9493; 2078.5413
42.3363; 136.3528
209.9091; 642.1422
84.5643; 261.3569
436.2729; 1327.8320
676.6706; 2055.8069
352.2519; 1074.2592
587.1221; 1784.3054
464.1565; 1413.6647
165.5189; 507.8391
936.7501; 2844.9663
1007.0835; 3059.3506
421.9770; 1285.5405
638.8796; 1941.7167
626.9569; 1905.2279
245.2434; 748.5869
834.2956; 2533.6069
562.5970; 1711.9895
587.4273; 1786.4889
649.7151; 1977.6385
966.4765; 2932.7766
968.4110; 2941.0247
115.2933; 355.5368
757.3835; 2301.7195
661.1029; 2009.3822
179.5829; 553.5762
754.5644; 2293.2710
250.5355; 765.9147
823.4430; 2502.7842
44.2014; 140.2983
686.3666; 2085.6460
449.2778; 1367.8501
736.9364; 2239.3069
51.5724; 162.9319
506.7093; 1541.1387
302.3705; 921.0338
275.2828; 839.9239
35.8938; 114.6094
428.1481; 1304.5872
985.0013; 2991.3118
37.8503; 121.5756
397.0661; 1208.5137
289.7359; 884.5366
138.5122; 425.5779
940.0349; 2853.8689
326.6624; 995.9427
898.8861; 2729.4722
72.7414; 227.3130
251.7970; 769.2494
114.1283; 351.2410
635.8933; 1934.7202
869.1876; 2640.9622
709.6062; 2155.8440
881.0823; 2675.7910
855.4343; 2598.4153
409.0675; 1246.4167
943.3951; 2865.1331
41.9971; 134.4074
763.6113; 2321.0549
314.4780; 958.8599
205.4689; 627.8703
113.2535; 349.1587
852.7828; 2588.1909
81.3450; 251.4691
670.7636; 2039.7626
237.7767; 727.0984
915.1016; 2778.5271
36.6750; 117.8788
613.6804; 1863.9753
507.3785; 1543.1035
793.8976; 2410.7820
829.4411; 2522.3049
694.7112; 2111.7834
620.8111; 1887.4648
292.8703; 892.5251
102.4341; 315.7801
648.4425; 1970.9550
874.6143; 2656.8865
635.8853; 1931.5807
39.8880; 128.3909
805.6009; 2449.6516
300.0403; 916.3197
790.4687; 2402.2700
124.8042; 385.4261
260.3013; 795.6948
979.1850; 2972.0171
931.8777; 2828.3799
500.1986; 1521.1569
258.4376; 790.2670
290.9684; 887.2207
499.1107; 1518.9719
768.1826; 2332.9609
322.9607; 985.2563
234.2572; 716.5716
309.0502; 943.0165
883.8293; 2685.9170
561.7305; 1707.8358
485.8003; 1478.4717
870.1311; 2642.7578
311.1851; 949.5034
799.2065; 2426.7842
648.0670; 1969.2185
560.2624; 1704.0293
473.1496; 1440.4618
496.9556; 1512.2156
978.3947; 2970.5535
25.4413; 84.5116
74.4970; 232.6737
60.6721; 190.0879
556.3403; 1690.6289
963.1402; 2924.5022
628.2648; 1912.0330
368.9495; 1125.4478
981.1007; 2979.6658
362.7665; 1106.0938
877.6826; 2665.8811
712.4474; 2163.8796
855.7300; 2599.4331
750.9587; 2280.9163
210.2998; 642.5590
151.1656; 463.9369
126.4293; 391.2224
759.7799; 2308.4651
508.5049; 1547.2697
790.8837; 2403.7900
155.8689; 480.2195
51.9300; 163.1912
69.2073; 214.1333
445.0328; 1354.9552
556.0295; 1691.5581
253.1132; 773.2576
388.6217; 1183.5237
126.3165; 389.6534
159.2704; 489.5433
255.7289; 782.4128
869.0729; 2639.0901
828.9845; 2518.7922
504.1275; 1533.5295
627.4980; 1908.7714
974.6525; 2960.4546
36.7382; 115.4710
937.3257; 2847.0852
98.1123; 303.8544
926.3252; 2814.6833
641.5770; 1950.8073
199.7542; 610.7669
822.6881; 2500.1267
73.0774; 228.5414
17.2625; 59.3481
721.1005; 2190.7644
928.5689; 2821.1541
220.2773; 673.6045
988.1486; 3001.2283
285.5053; 870.6783
650.0801; 1976.5018
20.4496; 67.9890
135.0864; 415.6188
88.1432; 272.1724
81.5131; 253.0222
330.2382; 1004.9287
339.0396; 1033.8719
826.4962; 2510.7351
467.3137; 1423.7872
715.9726; 2174.0071
240.0779; 735.3052
310.1230; 947.4044
647.6911; 1968.1705
577.1842; 1757.3379
912.0962; 2770.3340
712.7367; 2165.3916
351.6236; 1071.9828
21.1945; 71.7521
551.5756; 1680.2039
198.9603; 608.1956
518.9573; 1578.2041
755.7443; 2295.9370
895.4558; 2720.3711
456.6243; 1388.1942
670.4130; 2039.5070
651.9093; 1981.6110
290.1133; 884.6105
992.0793; 3011.3792
65.3862; 205.5776
205.1105; 627.8455
511.7205; 1554.6941
101.2462; 312.8712
566.5431; 1723.4822
432.1420; 1317.9727
831.9406; 2527.2029
590.4100; 1795.1014
910.6281; 2763.6765
24.6736; 81.6475
233.7872; 715.0925
380.2991; 1158.4338
439.9500; 1339.4720
756.0518; 2297.2891
588.7033; 1789.1301
310.5401; 948.4240
117.0946; 362.1743
304.3045; 928.4332
547.4643; 1665.9895
382.8494; 1167.3104
773.7769; 2352.0889
335.9081; 1024.3976
396.7384; 1208.7513
461.7259; 1405.8466
667.4000; 2028.0828
270.1535; 823.5617
296.3057; 905.3225
330.6857; 1008.3489
826.7704; 2511.3953
94.9707; 295.4886
499.4994; 1520.0214
869.2930; 2638.9243
376.8711; 1148.5825
419.4796; 1276.1707
730.8252; 2220.4111
721.6640; 2192.8586
318.1385; 971.7812
591.2867; 1797.5504
421.4759; 1282.6790
339.6631; 1033.7418
279.5780; 852.0614
990.2016; 3007.9810
756.1448; 2296.3081
651.9000; 1982.0204
201.0589; 616.7262
68.8024; 213.2455
222.6517; 680.9418
598.9118; 1819.7555
476.1919; 1451.8196
697.6562; 2120.1355
231.5695; 707.7249
242.8734; 742.0454
180.7975; 553.4988
951.8300; 2891.0862
417.8396; 1272.3743
287.6965; 878.0950
672.3410; 2043.6755
171.9318; 527.7469
778.2036; 2364.8069
220.9816; 675.3849
295.0518; 901.6052
273.6458; 835.6572
941.3132; 2859.0679
353.7958; 1076.9587
135.7642; 416.1987
764.3377; 2322.9077
313.4751; 958.1161
546.2991; 1661.4364
235.9999; 721.0333
948.0770; 2878.5872
803.8490; 2439.2390
561.2074; 1708.3186
316.3964; 964.0156
966.8455; 2935.8623
892.3868; 2709.4875
459.8017; 1398.9749
258.1691; 788.1357
548.6059; 1667.5809
351.5448; 1072.7894
95.6706; 296.6154
735.7335; 2236.4429
805.8220; 2447.2617
96.4502; 298.9255
576.9782; 1753.1073
168.0267; 516.0326
88.4843; 274.8800
109.1136; 338.5436
982.0829; 2980.7986
919.8398; 2793.6172
527.6903; 1604.0756
992.3543; 3013.4846
739.0354; 2245.6660
588.4438; 1787.8862
225.2321; 686.5972
586.1456; 1781.1431
379.3385; 1155.5905
707.4715; 2150.5171
134.2693; 412.0568
434.0869; 1322.8828
97.1819; 300.7591
899.9312; 2732.6489
379.2415; 1154.8903
667.0432; 2026.5057
239.3293; 731.0051
843.0784; 2561.7100
932.8260; 2832.4478
50.7316; 159.6580
793.6436; 2411.7666
317.7725; 970.2683
158.4082; 486.5677
247.9251; 757.1205
1004.5010; 3049.2871
113.4318; 349.7421
542.6461; 1650.5372
84.6175; 264.2858
382.7817; 1166.5800
306.1699; 933.4911
903.9761; 2744.9326
423.7826; 1291.3915
535.6892; 1629.2615
409.8788; 1248.6351
671.4329; 2041.1387
639.7988; 1945.9199
972.4470; 2952.8091
515.1469; 1566.1418
456.1359; 1389.2083
694.7721; 2111.0972
460.8914; 1402.7889
872.3459; 2648.5842
117.6944; 363.2775
547.0229; 1661.6255
821.1186; 2494.7505
181.3436; 556.2191
790.2817; 2401.2021
671.6083; 2040.3059
197.7617; 606.2935
907.7581; 2756.4053
951.0037; 2889.2180
874.0497; 2654.2644
38.9789; 123.1610
520.0066; 1582.6512
386.8210; 1179.0490
11.5108; 40.7589
799.0841; 2426.9963
533.5226; 1623.5953
675.1896; 2052.9116
647.3766; 1966.0042
436.1665; 1327.3450
945.9076; 2871.8425
598.3000; 1819.3369
819.6762; 2491.0542
92.0476; 285.9220
860.2590; 2612.3635
193.4656; 594.5830
441.1438; 1343.3253
262.5591; 800.1598
116.4939; 360.3392
727.8430; 2210.5046
613.2703; 1864.3704
441.1465; 1343.1912
297.9255; 909.1568
1005.6255; 3053.5496
795.7999; 2416.8677
740.4644; 2249.5420
337.7195; 1028.5770
571.2381; 1739.0073
137.7325; 424.7390
874.9969; 2657.5286
250.0983; 765.6370
633.9243; 1927.5895
10.7799; 39.6881
569.5530; 1730.5243
950.8629; 2886.7649
369.8866; 1128.3459
873.0880; 2651.2385
438.5533; 1334.2332
231.9981; 708.8120
672.0305; 2041.8862
771.7696; 2345.2871
19.3107; 66.5669
363.8309; 1110.1958
553.7439; 1683.4426
679.1901; 2064.6255
90.2978; 279.8008
13.8304; 47.3736
30.9042; 99.1195
670.1562; 2037.9558
199.1725; 610.2429
830.0935; 2521.5723
441.9142; 1345.5164
159.5955; 489.6621
476.8560; 1451.0507
781.4903; 2373.3623
146.5660; 450.9151
186.1229; 570.6019
952.8414; 2893.0291
506.2994; 1540.8258
171.9270; 529.9401
512.4806; 1559.8334
653.0322; 1984.4136
263.0899; 803.2922
692.2282; 2104.1030
673.1989; 2045.4156
863.5353; 2622.2126
704.2520; 2140.4475
448.8890; 1365.4464
792.9655; 2408.2034
829.9038; 2523.7058
581.5730; 1768.5532
937.9041; 2847.3892
742.2174; 2255.1321
993.9095; 3017.9009
703.9680; 2139.0154
84.0977; 260.9243
770.4029; 2342.6318
905.2795; 2749.3179
488.0653; 1485.3932
643.6991; 1959.5667
401.3249; 1221.2899
620.0383; 1883.8374
11.9812; 41.0415
852.8263; 2590.5820
474.7012; 1443.6155
363.5603; 1106.8409
37.6510; 121.2046
655.8228; 1992.5826
514.0232; 1564.9406
643.4110; 1955.3597
826.0172; 2509.3486
261.1589; 797.1732
535.2064; 1630.1898
562.6148; 1710.2181
330.7680; 1008.8038
749.4160; 2276.7734
382.0244; 1165.6337
949.1530; 2883.2979
36.4961; 117.5099
20.1236; 68.5044
357.1163; 1088.3956
352.5006; 1074.2023
214.3483; 656.5004
119.3780; 366.9679
361.4852; 1101.2860
685.3860; 2081.4717
942.6769; 2863.6035
869.2846; 2637.6306
798.4386; 2424.3669
744.7810; 2263.2563
674.2142; 2050.6130
875.2141; 2658.0771
395.1420; 1203.2272
461.4185; 1405.9602
735.0879; 2234.7219
279.0891; 850.9277
133.7730; 411.9052
884.3654; 2685.4272
591.9210; 1800.2340
165.3276; 508.2825
346.8728; 1053.9386
707.0316; 2148.0317
180.1765; 553.0951
938.9151; 2851.0190
901.0849; 2737.3999
97.1592; 301.0122
211.3984; 647.7778
807.7356; 2452.4644
985.9653; 2993.9556
857.6584; 2604.9712
191.7162; 585.2650
828.9582; 2517.4709
538.9762; 1639.9127
570.7443; 1735.8666
137.0785; 422.6230
115.3722; 355.8244
442.7365; 1348.2162
439.4754; 1338.2329
103.3598; 318.9732
242.9300; 744.3524
307.2641; 936.9061
653.4335; 1986.5122
159.5920; 491.5294
278.5520; 850.4947
18.6341; 63.8795
807.2160; 2452.7458
34.4903; 110.1186
223.7808; 684.7163
365.3718; 1114.6500
299.1294; 912.3294
245.6909; 749.3986
574.4951; 1749.3007
889.5380; 2702.4700
393.3090; 1199.5790
378.3081; 1153.7133
485.1647; 1477.8608
85.5333; 265.0166
414.9152; 1263.1981
998.1086; 3031.6523
947.7277; 2878.1135
490.6422; 1492.9086
102.2517; 316.4815
402.8291; 1227.7512
496.9756; 1512.8264
834.4569; 2532.8557
1000.5418; 3036.9771
797.1637; 2421.8281
75.9461; 238.4026
339.9818; 1036.6957
389.6087; 1187.7694
43.7220; 140.3554
196.6440; 601.9776
980.2938; 2977.5483
835.1282; 2536.5286
670.7167; 2038.6272
468.5823; 1426.4695
196.4135; 602.9678
341.2973; 1041.3196
249.0003; 760.1153
592.4235; 1800.8921
398.8443; 1214.1619
761.0127; 2313.5938
908.1969; 2758.4619
79.0599; 245.3600
600.8755; 1825.3677
65.1826; 201.6861
577.7107; 1757.0875
921.8804; 2799.8120
791.3260; 2403.3938
384.5384; 1171.1678
786.3389; 2390.2529
888.2628; 2697.7542
920.7654; 2795.3362
549.7259; 1671.2646
638.6480; 1940.6429
353.0314; 1075.3268
85.5612; 265.2787
808.8736; 2457.5908
664.2668; 2019.4203
626.0106; 1902.9651
179.6719; 549.8873
710.8722; 2160.7087
681.7002; 2072.0134
224.9195; 687.4129
783.8058; 2381.1831
518.9589; 1578.0609
527.9186; 1603.7870
350.4004; 1066.3320
919.6926; 2793.8093
577.8845; 1755.7968
594.0925; 1806.0419
626.4493; 1903.4933
308.9091; 942.9643
755.6468; 2296.5464
348.1547; 1063.4451
45.0224; 144.1097
534.3795; 1627.1522
115.4651; 356.9882
436.1685; 1326.1650
73.4577; 228.5052
425.8556; 1298.0100
499.9681; 1522.3906
195.2994; 596.4306
108.1365; 334.6650
423.7583; 1289.7064
435.2983; 1324.3689
255.6681; 781.4031
215.1338; 656.5842
465.7234; 1417.7501
962.4366; 2923.4583
443.3871; 1350.9263
164.7132; 507.6719
994.4418; 3017.9978
480.9501; 1462.8336
782.9752; 2378.9106
481.1015; 1463.7375
491.4774; 1495.4553
493.7085; 1503.1425
172.3066; 526.4832
37.8761; 120.6571
310.6537; 947.6015
229.2439; 700.1089
849.1119; 2578.3806
935.6971; 2839.9045
374.7996; 1141.7766
359.4398; 1097.8274
384.6714; 1170.0681
285.1128; 869.1465
437.2642; 1330.5081
209.4984; 642.2985
515.8659; 1570.7905
43.3396; 138.6910
832.8158; 2529.7144
11.8341; 41.7676
593.1483; 1804.2180
876.8063; 2663.3547
751.4950; 2284.4368
691.7904; 2102.5955
531.1440; 1615.7599
554.5963; 1685.9440
84.2440; 264.2606
325.9351; 992.3167
726.2848; 2208.6799
102.2934; 317.0187
738.9688; 2246.7585
661.2447; 2009.8093
918.5628; 2790.4409
862.3563; 2621.1174
555.2163; 1689.4872
142.7190; 438.2553
750.4361; 2282.6187
519.0940; 1579.1620
555.1203; 1689.2047
261.7637; 799.2143
200.3283; 613.1694
385.1927; 1170.7246
252.5352; 773.8778
591.2320; 1798.7747
217.4736; 664.6301
259.4217; 791.7186
197.4170; 603.8967
450.3172; 1370.0669
807.1198; 2452.1968
